state,parlimen,ballot_order,name,age,sex,ethnicity,party,votes,result,result_desc
Perlis,P.001 Padang Besar,1,IZIZAM BIN IBRAHIM,41,male,bumiputera,PARTI KEADILAN RAKYAT (PKR),13594,0,lost
Perlis,P.001 Padang Besar,2,ZAHIDI BIN ZAINUL ABIDIN,57,male,bumiputera,BARISAN NASIONAL (BN),15032,1,won
Perlis,P.001 Padang Besar,3,MOKHTAR SENIK,53,male,bumiputera,PARTI ISLAM SE MALAYSIA (PAS),7874,0,lost
Perlis,P.002 Kangar,1,AMIN AHMAD,36,male,bumiputera,PARTI KEADILAN RAKYAT (PKR),20909,1,won
Perlis,P.002 Kangar,2,RAMLI SHARIFF,57,male,bumiputera,BARISAN NASIONAL (BN),15306,0,lost
Perlis,P.002 Kangar,3,ZAHID IBRAHIM,35,male,bumiputera,PARTI ISLAM SE MALAYSIA (PAS),8465,0,lost
Perlis,P.003 Arau,1,HASHIM JASIN,78,male,bumiputera,PARTI ISLAM SE MALAYSIA (PAS),11362,0,lost
Perlis,P.003 Arau,2,ABDUL RAHMAN BIN DAUD,67,male,bumiputera,PARTI KEADILAN RAKYAT (PKR),11691,0,lost
Perlis,P.003 Arau,3,SHAHIDAN BIN KASSIM,66,male,bumiputera,BARISAN NASIONAL (BN),16547,1,won
Kedah,P.004 Langkawi,1,ZUBIR BIN AHMAD,55,male,bumiputera,PARTI ISLAM SE MALAYSIA (PAS),5512,0,lost
Kedah,P.004 Langkawi,2,MAHATHIR BIN MOHAMAD,92,male,bumiputera,PARTI KEADILAN RAKYAT (PKR),18954,1,won
Kedah,P.004 Langkawi,3,NAWAWI BIN AHMAD,57,male,bumiputera,BARISAN NASIONAL (BN),10061,0,lost
Kedah,P.005 Jerlun,1,ABDUL GHANI BIN AHMAD,47,male,bumiputera,PARTI ISLAM SE MALAYSIA (PAS),12829,0,lost
Kedah,P.005 Jerlun,2,OTHMAN BIN AZIZ,59,male,bumiputera,BARISAN NASIONAL (BN),12413,0,lost
Kedah,P.005 Jerlun,3,MUKHRIZ MAHATHIR,53,male,bumiputera,PARTI KEADILAN RAKYAT (PKR),18695,1,won
Kedah,P.006 Kubang Pasu,1,MOHD JOHARI BIN BAHARUM,64,male,bumiputera,BARISAN NASIONAL (BN),16975,0,lost
Kedah,P.006 Kubang Pasu,2,AMIRUDDIN HAMZAH,56,male,bumiputera,PARTI KEADILAN RAKYAT (PKR),29984,1,won
Kedah,P.006 Kubang Pasu,3,NORHAFIZA BINTI FADZIL,41,female,bumiputera,PARTI ISLAM SE MALAYSIA (PAS),13375,0,lost
Kedah,P.007 Padang Terap,1,AZAM BIN AZIZ,50,male,bumiputera,PARTI ISLAM SE MALAYSIA (PAS),15285,0,lost
Kedah,P.007 Padang Terap,2,KHAIRIZAL KHAZALI,36,male,bumiputera,PARTI KEADILAN RAKYAT (PKR),7254,0,lost
Kedah,P.007 Padang Terap,3,MAHDZIR KHALID,57,male,bumiputera,BARISAN NASIONAL (BN),16384,1,won
Kedah,P.008 Pokok Sena,1,MAHFUZ OMAR,60,male,bumiputera,PARTI KEADILAN RAKYAT (PKR),28959,1,won
Kedah,P.008 Pokok Sena,2,SAID ALI BIN SYED RASTAN,61,male,bumiputera,BARISAN NASIONAL (BN),18390,0,lost
Kedah,P.008 Pokok Sena,3,RADHI MAT DIN,52,male,bumiputera,PARTI ISLAM SE MALAYSIA (PAS),23401,0,lost
Kedah,P.009 Alor Setar,1,AMINUR SHAFIQ,27,male,bumiputera,PARTI ISLAM SE MALAYSIA (PAS),17275,0,lost
Kedah,P.009 Alor Setar,2,YOO WEI HOW,44,male,chinese,BARISAN NASIONAL (BN),14181,0,lost
Kedah,P.009 Alor Setar,3,CHAN MING KAI,37,male,bumiputera,PARTI KEADILAN RAKYAT (PKR),32475,1,won
Kedah,P.010 Kuala Kedah,1,MUHAMAD RIDUAN BIN OTHMAN,43,male,bumiputera,PARTI ISLAM SE MALAYSIA (PAS),23143,0,lost
Kedah,P.010 Kuala Kedah,2,ABDULLAH HASNAN BIN KAMARUDDIN,63,male,bumiputera,BARISAN NASIONAL (BN),19400,0,lost
Kedah,P.010 Kuala Kedah,3,AZMAN ISMAIL,57,male,bumiputera,PARTI KEADILAN RAKYAT (PKR),36624,1,won
Kedah,P.011 Pendang,1,OTHMAN BIN ABDUL,67,male,bumiputera,BARISAN NASIONAL (BN),20728,0,lost
Kedah,P.011 Pendang,2,AWANG SOLAHUDIN,54,male,bumiputera,PARTI ISLAM SE MALAYSIA (PAS),26536,1,won
Kedah,P.011 Pendang,3,WAN SAIFUL WAN JAN,42,male,bumiputera,PARTI KEADILAN RAKYAT (PKR),14901,0,lost
Kedah,P.011 Pendang,4,PENGHULU MALIK,58,male,bumiputera,BEBAS (BEBAS),81,0,lost_deposit
Kedah,P.012 Jerai,1,SABRI BIN AZIT,52,male,bumiputera,PARTI ISLAM SE MALAYSIA (PAS),22312,1,won
Kedah,P.012 Jerai,2,JAMIL KHIR BIN BAHAROM,56,male,bumiputera,BARISAN NASIONAL (BN),21773,0,lost
Kedah,P.012 Jerai,3,AKHRAMSYAH BIN SANUSI JUNID,44,male,bumiputera,PARTI KEADILAN RAKYAT (PKR),21651,0,lost
Kedah,P.013 Sik,1,TARMIZI SULAIMAN,41,male,bumiputera,PARTI ISLAM SE MALAYSIA (PAS),20088,1,won
Kedah,P.013 Sik,2,MANSOR BIN ABDUL RAHMAN,57,male,bumiputera,BARISAN NASIONAL (BN),14870,0,lost
Kedah,P.013 Sik,3,AZLI CHE UDA,39,male,bumiputera,PARTI KEADILAN RAKYAT (PKR),6970,0,lost
Kedah,P.014 Merbok,1,NURIN AINA,42,female,bumiputera,PARTI KEADILAN RAKYAT (PKR),30902,1,won
Kedah,P.014 Merbok,2,AHMAD FAUZI,50,male,bumiputera,PARTI ISLAM SE MALAYSIA (PAS),19618,0,lost
Kedah,P.014 Merbok,3,TAJUL URUS MAT ZAIN,66,male,bumiputera,BARISAN NASIONAL (BN),20830,0,lost
Kedah,P.015 Sungai Petani,1,JOHARI ABDUL,63,male,bumiputera,PARTI KEADILAN RAKYAT (PKR),45532,1,won
Kedah,P.015 Sungai Petani,2,SHARIR LONG,63,male,bumiputera,PARTI ISLAM SE MALAYSIA (PAS),22760,0,lost
Kedah,P.015 Sungai Petani,3,SHAHANIM BINTI MOHAMAD YUSOFF,45,female,bumiputera,BARISAN NASIONAL (BN),23963,0,lost
Kedah,P.015 Sungai Petani,4,P. SRITHARAN,53,male,indian,PARTI RAKYAT MALAYSIA (PRM),279,0,lost_deposit
Kedah,P.016 Baling,1,HASSAN BIN SAAD,61,male,bumiputera,PARTI ISLAM SE MALAYSIA (PAS),37483,0,lost
Kedah,P.016 Baling,2,MOHD TAUFIK BIN HJ YAACOB,49,male,bumiputera,PARTI KEADILAN RAKYAT (PKR),14472,0,lost
Kedah,P.016 Baling,3,AZEEZ RAHIM,51,male,bumiputera,BARISAN NASIONAL (BN),38557,1,won
Kedah,P.017 Padang Serai,1,KARUPAIYA MUTUSAMI,65,male,indian,PARTI KEADILAN RAKYAT (PKR),31724,1,won
Kedah,P.017 Padang Serai,2,MUHAMAD SOBRI BIN OSMAN,57,male,bumiputera,PARTI ISLAM SE MALAYSIA (PAS),22911,0,lost
Kedah,P.017 Padang Serai,3,LEONG YONG KONG,57,male,chinese,BARISAN NASIONAL (BN),15449,0,lost
Kedah,P.018 Kulim-Bandar Baharu,1,ABDUL AZIZ SHEIKH FADZIR,55,male,bumiputera,BARISAN NASIONAL (BN),18299,0,lost
Kedah,P.018 Kulim-Bandar Baharu,2,SAIFUDDIN NASUTION ISMAIL,54,male,bumiputera,PARTI KEADILAN RAKYAT (PKR),23159,1,won
Kedah,P.018 Kulim-Bandar Baharu,3,HASSAN RAZAK,66,male,bumiputera,PARTI ISLAM SE MALAYSIA (PAS),12885,0,lost
Kelantan,P.019 Tumpat,1,WAN JOHANI BIN WAN HUSSIN,64,male,bumiputera,BARISAN NASIONAL (BN),29541,0,lost
Kelantan,P.019 Tumpat,2,NORDIN BIN SALLEH,75,male,bumiputera,PARTI KEADILAN RAKYAT (PKR),10003,0,lost_deposit
Kelantan,P.019 Tumpat,3,CHE LAH MAT NAWI,57,male,bumiputera,PARTI ISLAM SE MALAYSIA (PAS),47041,1,won
Kelantan,P.020 Pengkalan Chepa,1,MARZUK SHAARY,42,male,bumiputera,PARTI ISLAM SE MALAYSIA (PAS),32592,1,won
Kelantan,P.020 Pengkalan Chepa,2,ZALUZI BIN SULAIMAN,52,male,bumiputera,BARISAN NASIONAL (BN),19360,0,lost
Kelantan,P.020 Pengkalan Chepa,3,MOHAMAD BIN IBRAHIM,65,male,bumiputera,PARTI KEADILAN RAKYAT (PKR),7435,0,lost
Kelantan,P.021 Kota Bharu,1,HUSAM MUSA,58,male,bumiputera,PARTI KEADILAN RAKYAT (PKR),22422,0,lost
Kelantan,P.021 Kota Bharu,2,FIKHRAN HAMSHI,31,male,bumiputera,BARISAN NASIONAL (BN),16256,0,lost
Kelantan,P.021 Kota Bharu,3,TAKIYUDDIN,56,male,bumiputera,PARTI ISLAM SE MALAYSIA (PAS),28291,1,won
Kelantan,P.022 Pasir Mas,1,CHE UJANG,63,male,bumiputera,PARTI KEADILAN RAKYAT (PKR),5093,0,lost_deposit
Kelantan,P.022 Pasir Mas,2,NOR AZMAWI @ BAWI,43,male,bumiputera,BARISAN NASIONAL (BN),15005,0,lost
Kelantan,P.022 Pasir Mas,3,FADHLI SHAARI,37,male,bumiputera,PARTI ISLAM SE MALAYSIA (PAS),28080,1,won
Kelantan,P.022 Pasir Mas,4,IBRAHIM BIN ALI,67,male,bumiputera,BEBAS (BEBAS),5373,0,lost_deposit
Kelantan,P.023 Rantau Panjang,1,KAK LAH,54,female,bumiputera,PARTI ISLAM SE MALAYSIA (PAS),24581,1,won
Kelantan,P.023 Rantau Panjang,2,ABDULLAH BIN MAT YASIM,62,male,bumiputera,BARISAN NASIONAL (BN),18431,0,lost
Kelantan,P.023 Rantau Panjang,3,WAN SHAH JIHAN BIN WAN DIN,46,male,bumiputera,PARTI KEADILAN RAKYAT (PKR),5361,0,lost_deposit
Kelantan,P.024 Kubang Kerian,1,ABDUL HALIM BIN YUSOF,57,male,bumiputera,PARTI KEADILAN RAKYAT (PKR),11557,0,lost
Kelantan,P.024 Kubang Kerian,2,MUHAMMAD ABDUL GHANI,72,male,bumiputera,BARISAN NASIONAL (BN),16251,0,lost
Kelantan,P.024 Kubang Kerian,3,IBRAHIM,57,male,bumiputera,PARTI ISLAM SE MALAYSIA (PAS),35620,1,won
Kelantan,P.025 Bachok,1,MOHD ZULKIFLI BIN HAJI ZAKARIA,58,male,bumiputera,PARTI KEADILAN RAKYAT (PKR),4880,0,lost_deposit
Kelantan,P.025 Bachok,2,NIK ABDUH,48,male,bumiputera,PARTI ISLAM SE MALAYSIA (PAS),36188,1,won
Kelantan,P.025 Bachok,3,AWANG,63,male,bumiputera,BARISAN NASIONAL (BN),32896,0,lost
Kelantan,P.026 Ketereh,1,WAN ISMAIL BIN WAN JUSOH,62,male,bumiputera,PARTI ISLAM SE MALAYSIA (PAS),20841,0,lost
Kelantan,P.026 Ketereh,2,RADZI JIDIN,40,male,bumiputera,PARTI KEADILAN RAKYAT (PKR),6799,0,lost
Kelantan,P.026 Ketereh,3,ANNUAR MUSA,62,male,bumiputera,BARISAN NASIONAL (BN),25467,1,won
Kelantan,P.027 Tanah Merah,1,IKMAL HISHAM BIN ABDUL AZIZ,53,male,bumiputera,BARISAN NASIONAL (BN),28152,1,won
Kelantan,P.027 Tanah Merah,2,JOHARI MAT,66,male,bumiputera,PARTI ISLAM SE MALAYSIA (PAS),25223,0,lost
Kelantan,P.027 Tanah Merah,3,MOHAMAD FAUZI BIN ZAKARIA,56,male,bumiputera,PARTI KEADILAN RAKYAT (PKR),4747,0,lost_deposit
Kelantan,P.028 Pasir Puteh,1,ASYRAF WAJDI DUSUKI,42,male,bumiputera,BARISAN NASIONAL (BN),30947,0,lost
Kelantan,P.028 Pasir Puteh,2,NIK ZAWAWI,51,male,bumiputera,PARTI ISLAM SE MALAYSIA (PAS),32307,1,won
Kelantan,P.028 Pasir Puteh,3,KAMARUDIN (ABE DIN),70,male,bumiputera,PARTI KEADILAN RAKYAT (PKR),4896,0,lost_deposit
Kelantan,P.029 Machang,1,ZULKIFLI MAMAT,58,male,bumiputera,PARTI ISLAM SE MALAYSIA (PAS),23252,0,lost
Kelantan,P.029 Machang,2,SAZMI,54,male,bumiputera,PARTI KEADILAN RAKYAT (PKR),5695,0,lost_deposit
Kelantan,P.029 Machang,3,JAZLAN,53,male,bumiputera,BARISAN NASIONAL (BN),26076,1,won
Kelantan,P.030 Jeli,1,MUSTAPA BIN MOHAMED,67,male,bumiputera,BARISAN NASIONAL (BN),21665,1,won
Kelantan,P.030 Jeli,2,AZRAN BIN DERAMAN,36,male,bumiputera,PARTI KEADILAN RAKYAT (PKR),2078,0,lost_deposit
Kelantan,P.030 Jeli,3,MOHAMAD BIN HAMID,54,male,bumiputera,PARTI ISLAM SE MALAYSIA (PAS),15018,0,lost
Kelantan,P.031 Kuala Krai,1,RAMZI BIN AB RAHMAN,60,male,bumiputera,BARISAN NASIONAL (BN),20911,0,lost
Kelantan,P.031 Kuala Krai,2,LATIFF,46,male,bumiputera,PARTI ISLAM SE MALAYSIA (PAS),28903,1,won
Kelantan,P.031 Kuala Krai,3,MOHD YAZID BIN ABDULLAH,60,male,bumiputera,PARTI KEADILAN RAKYAT (PKR),5173,0,lost_deposit
Kelantan,P.032 Gua Musang,1,ABDULLAH BIN HUSSEIN,46,male,bumiputera,PARTI ISLAM SE MALAYSIA (PAS),15513,0,lost
Kelantan,P.032 Gua Musang,2,ABE NOR,42,male,bumiputera,PARTI KEADILAN RAKYAT (PKR),4997,0,lost
Kelantan,P.032 Gua Musang,3,TENGKU RAZALEIGH HAMZAH,81,male,bumiputera,BARISAN NASIONAL (BN),19426,1,won
Terengganu,P.033 Besut,1,WAN NAZARI,58,male,bumiputera,PARTI KEADILAN RAKYAT (PKR),6864,0,lost_deposit
Terengganu,P.033 Besut,2,IDRIS JUSOH,62,male,bumiputera,BARISAN NASIONAL (BN),34335,1,won
Terengganu,P.033 Besut,3,RIDUAN MOHAMAD NOR,46,male,bumiputera,PARTI ISLAM SE MALAYSIA (PAS),29736,0,lost
Terengganu,P.034 Setiu,1,MOHD JIDIN BIN SHAFEE,63,male,bumiputera,BARISAN NASIONAL (BN),32218,0,lost
Terengganu,P.034 Setiu,2,ZUKIRNAIN ABDUL KADIR,48,male,bumiputera,PARTI ISLAM SE MALAYSIA (PAS),35020,1,won
Terengganu,P.034 Setiu,3,MOHD FAUDZI BIN MUSA,54,male,bumiputera,PARTI KEADILAN RAKYAT (PKR),4740,0,lost_deposit
Terengganu,P.035 Kuala Nerus,1,ABDULLAH BIN MOHAMED,63,male,bumiputera,PARTI KEADILAN RAKYAT (PKR),4604,0,lost_deposit
Terengganu,P.035 Kuala Nerus,2,KHAIRUDDIN TAKIRI,44,male,bumiputera,PARTI ISLAM SE MALAYSIA (PAS),37974,1,won
Terengganu,P.035 Kuala Nerus,3,TENGKU ASMADI,53,male,bumiputera,BARISAN NASIONAL (BN),29527,0,lost
Terengganu,P.036 Kuala Terengganu,1,AMZAD HASHIM,48,male,bumiputera,PARTI ISLAM SE MALAYSIA (PAS),42988,1,won
Terengganu,P.036 Kuala Terengganu,2,RAJA BAHRIN,63,male,bumiputera,PARTI KEADILAN RAKYAT (PKR),15380,0,lost
Terengganu,P.036 Kuala Terengganu,3,WAN NAWAWI BIN WAN ISMAIL,60,male,bumiputera,BARISAN NASIONAL (BN),28215,0,lost
Terengganu,P.037 Marang,1,ZARAWI BIN SULONG,56,male,bumiputera,PARTI KEADILAN RAKYAT (PKR),5138,0,lost_deposit
Terengganu,P.037 Marang,2,MOHAMAD NOR BIN ENDOT,57,male,bumiputera,BARISAN NASIONAL (BN),31795,0,lost
Terengganu,P.037 Marang,3,ABDUL HADI BIN AWANG,70,male,bumiputera,PARTI ISLAM SE MALAYSIA (PAS),53749,1,won
Terengganu,P.038 Hulu Terengganu,1,RAZALI IDRIS,51,male,bumiputera,PARTI KEADILAN RAKYAT (PKR),3364,0,lost_deposit
Terengganu,P.038 Hulu Terengganu,2,ROSOL BIN WAHID,53,male,bumiputera,BARISAN NASIONAL (BN),30925,1,won
Terengganu,P.038 Hulu Terengganu,3,MUHYIDIN ABDUL RASHID,56,male,bumiputera,PARTI ISLAM SE MALAYSIA (PAS),28057,0,lost
Terengganu,P.039 Dungun,1,DIN BIN ADAM,57,male,bumiputera,BARISAN NASIONAL (BN),27731,0,lost
Terengganu,P.039 Dungun,2,WAN HASSAN MOHD RAMLI,60,male,bumiputera,PARTI ISLAM SE MALAYSIA (PAS),40850,1,won
Terengganu,P.039 Dungun,3,ABDUL RAHMAN YUSOF,60,male,bumiputera,PARTI KEADILAN RAKYAT (PKR),6833,0,lost_deposit
Terengganu,P.040 Kemaman,1,ALIAS ABDUL HAMID,51,male,bumiputera,PARTI ISLAM SE MALAYSIA (PAS),39878,1,won
Terengganu,P.040 Kemaman,2,MOHD HUZAIFAH MD. SUHAIMI,32,male,bumiputera,PARTI KEADILAN RAKYAT (PKR),12911,0,lost
Terengganu,P.040 Kemaman,3,AHMAD SHABERY CHEEK,59,male,bumiputera,BARISAN NASIONAL (BN),37715,0,lost
Pulau Pinang,P.041 Kepala Batas,1,REEZAL MERICAN B NAINA MERICAN,45,male,bumiputera,BARISAN NASIONAL (BN),22459,1,won
Pulau Pinang,P.041 Kepala Batas,2,ZAIDI BIN ZAKARIA,48,male,bumiputera,PARTI KEADILAN RAKYAT (PKR),17723,0,lost
Pulau Pinang,P.041 Kepala Batas,3,SITI MASTURA MUHAMMAD,28,female,bumiputera,PARTI ISLAM SE MALAYSIA (PAS),12120,0,lost
Pulau Pinang,P.042 Tasek Gelugor,1,SHABUDIN YAHAYA,52,male,bumiputera,BARISAN NASIONAL (BN),18547,1,won
Pulau Pinang,P.042 Tasek Gelugor,2,MARZUKI BIN YAHYA,47,male,bumiputera,PARTI KEADILAN RAKYAT (PKR),18466,0,lost
Pulau Pinang,P.042 Tasek Gelugor,3,RIZAL HAFIZ BIN RUSLAN,42,male,bumiputera,PARTI ISLAM SE MALAYSIA (PAS),14891,0,lost
Pulau Pinang,P.043 Bagan,1,HUAN CHENG GUAN @ HUAN,57,male,chinese,PARTI CINTA MALAYSIA (PCM),502,0,lost_deposit
Pulau Pinang,P.043 Bagan,2,LIM GUAN ENG,57,male,chinese,PARTI KEADILAN RAKYAT (PKR),51653,1,won
Pulau Pinang,P.043 Bagan,3,KOAY XING BOON,35,male,chinese,PARTI BERSAMA MALAYSIA (MU),181,0,lost_deposit
Pulau Pinang,P.043 Bagan,4,LEE BENG SENG,37,male,chinese,BARISAN NASIONAL (BN),7751,0,lost
Pulau Pinang,P.044 Permatang Pauh,1,NURUL IZZAH ANWAR,37,female,bumiputera,PARTI KEADILAN RAKYAT (PKR),35534,1,won
Pulau Pinang,P.044 Permatang Pauh,2,AFNAN HAMIMI B. TAIB AZAMUDDEN,36,male,bumiputera,PARTI ISLAM SE MALAYSIA (PAS),14428,0,lost
Pulau Pinang,P.044 Permatang Pauh,3,MOHD ZAIDI MOHD SAID,49,male,bumiputera,BARISAN NASIONAL (BN),19866,0,lost
Pulau Pinang,P.045 Bukit Mertajam,1,GUI GUAT LYE,65,male,chinese,BARISAN NASIONAL (BN),10907,0,lost
Pulau Pinang,P.045 Bukit Mertajam,2,SIM CHEE KEONG,36,male,chinese,PARTI KEADILAN RAKYAT (PKR),63784,1,won
Pulau Pinang,P.046 Batu Kawan,1,OOI KHAR GIAP,51,male,chinese,PENANG FRONT PARTY (PFP),256,0,lost_deposit
Pulau Pinang,P.046 Batu Kawan,2,JAYANTHI DEVI BALAGURU,56,female,indian,BARISAN NASIONAL (BN),9130,0,lost
Pulau Pinang,P.046 Batu Kawan,3,JAY KUMAR,38,male,indian,PARTI ISLAM SE MALAYSIA (PAS),2636,0,lost_deposit
Pulau Pinang,P.046 Batu Kawan,4,KASTHURIRAANI PATTO,38,female,indian,PARTI KEADILAN RAKYAT (PKR),42683,1,won
Pulau Pinang,P.047 Nibong Tebal,1,MANSOR OTHMAN,68,male,bumiputera,PARTI KEADILAN RAKYAT (PKR),35395,1,won
Pulau Pinang,P.047 Nibong Tebal,2,SHAIK HUSSEIN BIN MYDIN,44,male,bumiputera,BARISAN NASIONAL (BN),19578,0,lost
Pulau Pinang,P.047 Nibong Tebal,3,TAN TEE BENG,46,male,chinese,BEBAS (BEBAS),331,0,lost_deposit
Pulau Pinang,P.047 Nibong Tebal,4,MOHD HELMI BIN HARUN,46,male,bumiputera,PARTI ISLAM SE MALAYSIA (PAS),6875,0,lost_deposit
Pulau Pinang,P.048 Bukit Bendera,1,WONG HON WAI,45,male,chinese,PARTI KEADILAN RAKYAT (PKR),50049,1,won
Pulau Pinang,P.048 Bukit Bendera,2,TAN GIN THEAM,48,male,chinese,PARTI BERSAMA MALAYSIA (MU),339,0,lost_deposit
Pulau Pinang,P.048 Bukit Bendera,3,ANDY YONG KIM SENG,46,male,chinese,BARISAN NASIONAL (BN),9318,0,lost
Pulau Pinang,P.049 Tanjong,1,NG SIEW LAI,56,female,chinese,BARISAN NASIONAL (BN),5064,0,lost
Pulau Pinang,P.049 Tanjong,2,CHOW KON YEOW,59,male,chinese,PARTI KEADILAN RAKYAT (PKR),34663,1,won
Pulau Pinang,P.050 Jelutong,1,BALJIT SINGH,51,male,other,BARISAN NASIONAL (BN),12529,0,lost
Pulau Pinang,P.050 Jelutong,2,SANISVARA NETRAYER A/L RAJAJI,46,male,indian,PARTI KEADILAN RAKYAT (PKR),50700,1,won
Pulau Pinang,P.050 Jelutong,3,TAN SIM BEE,37,female,chinese,PARTI BERSAMA MALAYSIA (MU),437,0,lost_deposit
Pulau Pinang,P.051 Bukit Gelugor,1,LOW JOO HIAP,45,male,chinese,BARISAN NASIONAL (BN),9671,0,lost
Pulau Pinang,P.051 Bukit Gelugor,2,RAMKARPAL SINGH A/L KARPAL SINGH,42,male,other,PARTI KEADILAN RAKYAT (PKR),65622,1,won
Pulau Pinang,P.051 Bukit Gelugor,3,LAI XUE CHING,33,female,chinese,PARTI BERSAMA MALAYSIA (MU),412,0,lost_deposit
Pulau Pinang,P.052 Bayan Baru,1,DAVID YIM BOON LEONG,46,male,chinese,PARTI BERSAMA MALAYSIA (MU),733,0,lost_deposit
Pulau Pinang,P.052 Bayan Baru,2,SIM TZE TZIN,42,male,chinese,PARTI KEADILAN RAKYAT (PKR),51555,1,won
Pulau Pinang,P.052 Bayan Baru,3,CHUAH SENG GUAN,36,male,chinese,BARISAN NASIONAL (BN),13804,0,lost
Pulau Pinang,P.052 Bayan Baru,4,ISZUREE BIN IBRAHIM,50,male,bumiputera,PARTI ISLAM SE MALAYSIA (PAS),8757,0,lost_deposit
Pulau Pinang,P.053 Balik Pulau,1,MUHAMMAD IMRAN BIN MUHAMMAD SA'AD,48,male,bumiputera,PARTI ISLAM SE MALAYSIA (PAS),5298,0,lost_deposit
Pulau Pinang,P.053 Balik Pulau,2,MUHAMMAD BAKHTIAR BIN WAN CHIK,53,male,bumiputera,PARTI KEADILAN RAKYAT (PKR),25471,1,won
Pulau Pinang,P.053 Balik Pulau,3,HILMI YAHAYA,69,male,bumiputera,BARISAN NASIONAL (BN),19007,0,lost
Perak,P.054 Gerik,1,DAHALAN,58,male,bumiputera,PARTI ISLAM SE MALAYSIA (PAS),7715,0,lost
Perak,P.054 Gerik,2,HASBULLAH OSMAN,61,male,bumiputera,BARISAN NASIONAL (BN),13243,1,won
Perak,P.054 Gerik,3,IBRAHIM HANAFIAH,61,male,bumiputera,PARTI KEADILAN RAKYAT (PKR),6353,0,lost
Perak,P.055 Lenggong,1,AMIRUL FAIRUZZEEN,33,male,bumiputera,PARTI KEADILAN RAKYAT (PKR),3932,0,lost
Perak,P.055 Lenggong,2,MUJAHID IR FADZIL,32,male,bumiputera,PARTI ISLAM SE MALAYSIA (PAS),6750,0,lost
Perak,P.055 Lenggong,3,SHAMSUL ANUAR NASARAH,50,male,bumiputera,BARISAN NASIONAL (BN),12523,1,won
Perak,P.056 Larut,1,ABU HUSIN,66,male,bumiputera,PARTI ISLAM SE MALAYSIA (PAS),13698,0,lost
Perak,P.056 Larut,2,HAMZAH ZAINUDIN,61,male,bumiputera,BARISAN NASIONAL (BN),18184,1,won
Perak,P.056 Larut,3,KHAIRIL ANUAR,56,male,bumiputera,PARTI KEADILAN RAKYAT (PKR),7738,0,lost
Perak,P.057 Parit Buntar,1,ABDUL PUHAT BIN MAT NAYAN,60,male,bumiputera,BARISAN NASIONAL (BN),13655,0,lost
Perak,P.057 Parit Buntar,2,MUJAHID YUSOF RAWA,53,male,bumiputera,PARTI KEADILAN RAKYAT (PKR),16753,1,won
Perak,P.057 Parit Buntar,3,AHMAD AZHAR SHARIN,50,male,bumiputera,PARTI ISLAM SE MALAYSIA (PAS),12312,0,lost
Perak,P.058 Bagan Serai,1,NOOR AZMI BIN GHAZALI,56,male,bumiputera,BARISAN NASIONAL (BN),17220,1,won
Perak,P.058 Bagan Serai,2,ADAM BIN ASMUNI,33,male,bumiputera,PARTI KEADILAN RAKYAT (PKR),12987,0,lost
Perak,P.058 Bagan Serai,3,ROHAYA BINTI BAKAR,58,female,bumiputera,PARTI ISLAM SE MALAYSIA (PAS),17048,0,lost
Perak,P.059 Bukit Gantang,1,IDRIS AHMAD,54,male,bumiputera,PARTI ISLAM SE MALAYSIA (PAS),16052,0,lost
Perak,P.059 Bukit Gantang,2,SYED ABU HUSSIN BIN HAFIZ SYED ABDUL FASAL,57,male,bumiputera,BARISAN NASIONAL (BN),22450,1,won
Perak,P.059 Bukit Gantang,3,KHADRI KHALID,64,male,bumiputera,PARTI KEADILAN RAKYAT (PKR),18361,0,lost
Perak,P.060 Taiping,1,TAN KENG LIANG,40,male,chinese,BARISAN NASIONAL (BN),15613,0,lost
Perak,P.060 Taiping,2,IBRAHIM ISMAIL,53,male,bumiputera,PARTI ISLAM SE MALAYSIA (PAS),11133,0,lost
Perak,P.060 Taiping,3,TEH KOK LIM,48,male,chinese,PARTI KEADILAN RAKYAT (PKR),42997,1,won
Perak,P.061 Padang Rengas,1,EJAZI YAHAYA,56,male,bumiputera,PARTI KEADILAN RAKYAT (PKR),7943,0,lost
Perak,P.061 Padang Rengas,2,MOHAMED NAZRI BIN TAN ABDUL AZIZ,64,male,bumiputera,BARISAN NASIONAL (BN),10491,1,won
Perak,P.061 Padang Rengas,3,MOHAMAD AZALAN,57,male,bumiputera,PARTI ISLAM SE MALAYSIA (PAS),6847,0,lost
Perak,P.062 Sungai Siput,1,S. KESAVAN,45,male,indian,PARTI KEADILAN RAKYAT (PKR),20817,1,won
Perak,P.062 Sungai Siput,2,ISHAK IBRAHIM,47,male,bumiputera,PARTI ISLAM SE MALAYSIA (PAS),5194,0,lost_deposit
Perak,P.062 Sungai Siput,3,S.K. DEVAMANY,60,male,indian,BARISAN NASIONAL (BN),15210,0,lost
Perak,P.062 Sungai Siput,4,MICHAEL JEYAKUMAR DEVARAJ,63,male,indian,PARTI SOSIALIS MALAYSIA (PSM),1505,0,lost_deposit
Perak,P.063 Tambun,1,AHMAD HUSNI HANADZLAH,65,male,bumiputera,BARISAN NASIONAL (BN),33341,0,lost
Perak,P.063 Tambun,2,AHMAD FAIZAL AZUMU,47,male,bumiputera,PARTI KEADILAN RAKYAT (PKR),38661,1,won
Perak,P.063 Tambun,3,IBRAHIM ZAKARIA,48,male,bumiputera,PARTI ISLAM SE MALAYSIA (PAS),14948,0,lost
Perak,P.064 Ipoh Timor,1,KATHLEEN (KAT) WONG,41,female,chinese,BARISAN NASIONAL (BN),13722,0,lost
Perak,P.064 Ipoh Timor,2,WONG KAH WOH,37,male,chinese,PARTI KEADILAN RAKYAT (PKR),56519,1,won
Perak,P.065 Ipoh Barat,1,CHENG WEI YEE,43,male,chinese,BARISAN NASIONAL (BN),9889,0,lost
Perak,P.065 Ipoh Barat,2,M. KULA,60,male,indian,PARTI KEADILAN RAKYAT (PKR),55613,1,won
Perak,P.066 Batu Gajah,1,LEONG CHEE WAI,44,male,chinese,BARISAN NASIONAL (BN),8982,0,lost
Perak,P.066 Batu Gajah,2,V. SIVAKUMAR,47,male,indian,PARTI KEADILAN RAKYAT (PKR),52850,1,won
Perak,P.066 Batu Gajah,3,KUNASEKARAN A/L KRISHNAN,54,male,indian,PARTI SOSIALIS MALAYSIA (PSM),955,0,lost_deposit
Perak,P.067 Kuala Kangsar,1,KHALIL IDHAM LIM,53,male,bumiputera,PARTI ISLAM SE MALAYSIA (PAS),6583,0,lost
Perak,P.067 Kuala Kangsar,2,AHMAD TERMIZI RAMLI,63,male,bumiputera,PARTI KEADILAN RAKYAT (PKR),11371,0,lost
Perak,P.067 Kuala Kangsar,3,MASTURA YAZID,56,female,bumiputera,BARISAN NASIONAL (BN),12102,1,won
Perak,P.068 Beruas,1,PANG CHOK KING,53,male,chinese,BARISAN NASIONAL (BN),13277,0,lost
Perak,P.068 Beruas,2,NGEH KOO HAM,56,male,chinese,PARTI KEADILAN RAKYAT (PKR),41231,1,won
Perak,P.068 Beruas,3,MOHAMAD NAZEER HAMEED,61,male,bumiputera,PARTI ISLAM SE MALAYSIA (PAS),5759,0,lost_deposit
Perak,P.069 Parit,1,NAJIHA AHMAD,51,female,bumiputera,PARTI ISLAM SE MALAYSIA (PAS),7715,0,lost
Perak,P.069 Parit,2,NIZAR,49,male,bumiputera,BARISAN NASIONAL (BN),14035,1,won
Perak,P.069 Parit,3,TARMIZI MOHD JAM,49,male,bumiputera,PARTI KEADILAN RAKYAT (PKR),7240,0,lost
Perak,P.070 Kampar,1,YOUGAN,30,male,bumiputera,PARTI ISLAM SE MALAYSIA (PAS),3864,0,lost_deposit
Perak,P.070 Kampar,2,LEE CHEE LEONG,60,male,chinese,BARISAN NASIONAL (BN),18415,0,lost
Perak,P.070 Kampar,3,SU KEONG SIONG,51,male,chinese,PARTI KEADILAN RAKYAT (PKR),30216,1,won
Perak,P.071 Gopeng,1,LEE BOON CHYE,58,male,chinese,PARTI KEADILAN RAKYAT (PKR),48923,1,won
Perak,P.071 Gopeng,2,ISMAIL BIN ARIFFIN,57,male,bumiputera,PARTI ISLAM SE MALAYSIA (PAS),11165,0,lost
Perak,P.071 Gopeng,3,HENG SEAI KIE,55,female,chinese,BARISAN NASIONAL (BN),19145,0,lost
Perak,P.072 Tapah,1,MOHAMED AZNI,61,male,bumiputera,PARTI KEADILAN RAKYAT (PKR),15472,0,lost
Perak,P.072 Tapah,2,M. SARAVANAN,50,male,indian,BARISAN NASIONAL (BN),16086,1,won
Perak,P.072 Tapah,3,NORAZLI BIN MUSA,51,male,bumiputera,PARTI ISLAM SE MALAYSIA (PAS),4616,0,lost
Perak,P.073 Pasir Salak,1,SALIHUDDIN,59,male,bumiputera,PARTI KEADILAN RAKYAT (PKR),12291,0,lost
Perak,P.073 Pasir Salak,2,TAJUDDIN ABDUL RAHMAN,70,male,bumiputera,BARISAN NASIONAL (BN),20003,1,won
Perak,P.073 Pasir Salak,3,ZAFARULAZHAN BIN ZAN,37,male,bumiputera,PARTI ISLAM SE MALAYSIA (PAS),11151,0,lost
Perak,P.074 Lumut,1,DIRAJA ZAMBRY ABDUL KADIR,56,male,bumiputera,BARISAN NASIONAL (BN),21555,0,lost
Perak,P.074 Lumut,2,ZAMRI IBRAHIM,43,male,bumiputera,PARTI ISLAM SE MALAYSIA (PAS),10135,0,lost
Perak,P.074 Lumut,3,HATTA RAMLI,61,male,bumiputera,PARTI KEADILAN RAKYAT (PKR),21955,1,won
Perak,P.075 Bagan Datuk,1,ATA ABDUL MUNEIM HASAN ADLI,60,male,bumiputera,PARTI ISLAM SE MALAYSIA (PAS),4061,0,lost_deposit
Perak,P.075 Bagan Datuk,2,AHMAD ZAHID BIN HAMIDI,65,male,bumiputera,BARISAN NASIONAL (BN),18909,1,won
Perak,P.075 Bagan Datuk,3,PAKHRURRAZI HJ ARSHAD,65,male,bumiputera,PARTI KEADILAN RAKYAT (PKR),13836,0,lost
Perak,P.076 Teluk Intan,1,NGA KOR MING,45,male,chinese,PARTI KEADILAN RAKYAT (PKR),29170,1,won
Perak,P.076 Teluk Intan,2,AHMAD RAMADZAN,62,male,bumiputera,PARTI ISLAM SE MALAYSIA (PAS),6494,0,lost_deposit
Perak,P.076 Teluk Intan,3,MAH SIEW KEONG,56,male,bumiputera,BARISAN NASIONAL (BN),17991,0,lost
Perak,P.077 Tanjong Malim,1,MOHD TARMIZI,53,male,bumiputera,PARTI ISLAM SE MALAYSIA (PAS),10311,0,lost
Perak,P.077 Tanjong Malim,2,MAH HANG SOON,52,male,chinese,BARISAN NASIONAL (BN),19314,0,lost
Perak,P.077 Tanjong Malim,3,CHANG LIH KANG,37,male,chinese,PARTI KEADILAN RAKYAT (PKR),24672,1,won
Pahang,P.078 Cameron Highlands,1,MANOGARAN,58,male,indian,PARTI KEADILAN RAKYAT (PKR),9710,0,lost
Pahang,P.078 Cameron Highlands,2,WAN MAHADIR,45,male,bumiputera,PARTI ISLAM SE MALAYSIA (PAS),3587,0,lost
Pahang,P.078 Cameron Highlands,3,SIVARRAAJH CHANDRAN,41,male,indian,BARISAN NASIONAL (BN),10307,1,won
Pahang,P.078 Cameron Highlands,4,MOHD TAHIR BIN HAJI KASSIM,58,male,bumiputera,BARISAN JEMAAH ISLAMIAH SE MALAYSIA (BERJASA),81,0,lost_deposit
Pahang,P.078 Cameron Highlands,5,SURESH KUMAR,41,male,indian,PARTI SOSIALIS MALAYSIA (PSM),680,0,lost_deposit
Pahang,P.079 Lipis,1,BADARUDIN ABDUL RAHAMAN,65,male,bumiputera,PARTI KEADILAN RAKYAT (PKR),7426,0,lost
Pahang,P.079 Lipis,2,ABDUL RAHMAN BIN MOHAMAD,56,male,bumiputera,BARISAN NASIONAL (BN),13995,1,won
Pahang,P.079 Lipis,3,SOBIRIN BIN HJ DULI,67,male,bumiputera,PARTI ISLAM SE MALAYSIA (PAS),6671,0,lost
Pahang,P.080 Raub,1,TENGKU ZULPURI SHAH,53,male,bumiputera,PARTI KEADILAN RAKYAT (PKR),20659,1,won
Pahang,P.080 Raub,2,CHEW MEI FUN,53,female,chinese,BARISAN NASIONAL (BN),17500,0,lost
Pahang,P.080 Raub,3,MOHAMED NILAM,49,male,bumiputera,PARTI ISLAM SE MALAYSIA (PAS),7866,0,lost
Pahang,P.081 Jerantut,1,AHMAD NAZLAN,60,male,bumiputera,BARISAN NASIONAL (BN),22640,1,won
Pahang,P.081 Jerantut,2,YOHANIS AHMAD,39,male,bumiputera,PARTI ISLAM SE MALAYSIA (PAS),16732,0,lost
Pahang,P.081 Jerantut,3,WAN MOHD SHAHRIR,46,male,bumiputera,PARTI KEADILAN RAKYAT (PKR),10877,0,lost
Pahang,P.082 Indera Mahkota,1,JOHAN BIN MAT SAH,56,male,bumiputera,BARISAN NASIONAL (BN),17628,0,lost
Pahang,P.082 Indera Mahkota,2,NASRUDIN HASSAN TANTAWI,47,male,bumiputera,PARTI ISLAM SE MALAYSIA (PAS),17515,0,lost
Pahang,P.082 Indera Mahkota,3,SAIFUDDIN ABDULLAH,57,male,bumiputera,PARTI KEADILAN RAKYAT (PKR),28578,1,won
Pahang,P.083 Kuantan,1,SULAIMAN MD DERUS,55,male,bumiputera,PARTI ISLAM SE MALAYSIA (PAS),14696,0,lost
Pahang,P.083 Kuantan,2,FUZIAH SALLEH,58,female,bumiputera,PARTI KEADILAN RAKYAT (PKR),22807,1,won
Pahang,P.083 Kuantan,3,WONG KEAN HWEE,56,male,chinese,BARISAN NASIONAL (BN),13667,0,lost
Pahang,P.084 Paya Besar,1,MOHD ASHRAF MUSTAQIM,31,male,bumiputera,PARTI KEADILAN RAKYAT (PKR),11776,0,lost
Pahang,P.084 Paya Besar,2,MOHD SHAHAR BIN ABDULLAH,38,male,bumiputera,BARISAN NASIONAL (BN),19033,1,won
Pahang,P.084 Paya Besar,3,MOHAMAD AZHAR BIN MOHD NOOR,60,male,bumiputera,PARTI ISLAM SE MALAYSIA (PAS),13291,0,lost
Pahang,P.085 Pekan,1,MUHD ZAHID MD ARIP,51,male,bumiputera,PARTI KEADILAN RAKYAT (PKR),7662,0,lost_deposit
Pahang,P.085 Pekan,2,MOHD NAJIB BIN TUN ABDUL RAZAK,64,male,bumiputera,BARISAN NASIONAL (BN),43854,1,won
Pahang,P.085 Pekan,3,ABDUL KADIR BIN SAINUDIN,38,male,bumiputera,BEBAS (BEBAS),103,0,lost_deposit
Pahang,P.085 Pekan,4,AHIATUDIN BIN DAUD,62,male,bumiputera,PARTI ISLAM SE MALAYSIA (PAS),18995,0,lost
Pahang,P.086 Maran,1,HASENAN HARON,60,male,bumiputera,PARTI ISLAM SE MALAYSIA (PAS),12301,0,lost
Pahang,P.086 Maran,2,ISMAIL BIN HJ ABDUL MUTTALIB,63,male,bumiputera,BARISAN NASIONAL (BN),16064,1,won
Pahang,P.086 Maran,3,AHMAD FARID BIN AHMAD NORDIN,34,male,chinese,PARTI KEADILAN RAKYAT (PKR),4360,0,lost
Pahang,P.087 Kuala Krau,1,MOHAMAD RAFIDEE,44,male,bumiputera,PARTI KEADILAN RAKYAT (PKR),5071,0,lost
Pahang,P.087 Kuala Krau,2,KAMAL BIN ASHAARI,47,male,bumiputera,PARTI ISLAM SE MALAYSIA (PAS),15182,0,lost
Pahang,P.087 Kuala Krau,3,ISMAIL BIN MOHAMED SAID,52,male,bumiputera,BARISAN NASIONAL (BN),18058,1,won
Pahang,P.088 Temerloh,1,KHAIDIR AHMAD,55,male,bumiputera,BEBAS (BEBAS),178,0,lost_deposit
Pahang,P.088 Temerloh,2,MUHD FAKHRUDIN B ABU HANIPAH,29,male,bumiputera,BEBAS (BEBAS),46,0,lost_deposit
Pahang,P.088 Temerloh,3,MOHD SHARKAR BIN SHAMSUDIN,55,male,bumiputera,BARISAN NASIONAL (BN),22094,0,lost
Pahang,P.088 Temerloh,4,MOHD JUSOH BIN DARUS,62,male,bumiputera,PARTI ISLAM SE MALAYSIA (PAS),14734,0,lost
Pahang,P.088 Temerloh,5,ANUAR TAHIR,65,male,bumiputera,PARTI KEADILAN RAKYAT (PKR),23998,1,won
Pahang,P.089 Bentong,1,LIOW TIONG LAI,56,male,chinese,BARISAN NASIONAL (BN),23684,0,lost
Pahang,P.089 Bentong,2,BALASUBRAMANIAM A/L NACHIAPPAN,60,male,indian,PARTI ISLAM SE MALAYSIA (PAS),5706,0,lost_deposit
Pahang,P.089 Bentong,3,WONG TACK,59,male,chinese,PARTI KEADILAN RAKYAT (PKR),25716,1,won
Pahang,P.090 Bera,1,ZAKARIA ABDUL HAMID,53,male,bumiputera,PARTI KEADILAN RAKYAT (PKR),18449,0,lost
Pahang,P.090 Bera,2,MUSANIFF BIN ABDUL RAHMAN,53,male,bumiputera,PARTI ISLAM SE MALAYSIA (PAS),8096,0,lost
Pahang,P.090 Bera,3,ISMAIL SABRI YAAKOB,58,male,bumiputera,BARISAN NASIONAL (BN),20760,1,won
Pahang,P.091 Rompin,1,SHAHRUL,38,male,bumiputera,PARTI ISLAM SE MALAYSIA (PAS),15233,0,lost
Pahang,P.091 Rompin,2,SITARUNISAH BINTI ABDUL KADIR,45,female,bumiputera,PARTI KEADILAN RAKYAT (PKR),7876,0,lost
Pahang,P.091 Rompin,3,HASAN BIN ARIFIN,65,male,bumiputera,BARISAN NASIONAL (BN),26628,1,won
Selangor,P.092 Sabak Bernam,1,FASIAH,62,male,bumiputera,BARISAN NASIONAL (BN),12862,1,won
Selangor,P.092 Sabak Bernam,2,MUHAMMAD LABIB BIN ABDUL JALIL,31,male,bumiputera,PARTI ISLAM SE MALAYSIA (PAS),9300,0,lost
Selangor,P.092 Sabak Bernam,3,WARNO BIN DOGOL,57,male,bumiputera,PARTI KEADILAN RAKYAT (PKR),11188,0,lost
Selangor,P.093 Sungai Besar,1,SALLEH HUSIN,69,male,bumiputera,PARTI ISLAM SE MALAYSIA (PAS),7220,0,lost
Selangor,P.093 Sungai Besar,2,MUSLIMIN,50,male,bumiputera,PARTI KEADILAN RAKYAT (PKR),17350,1,won
Selangor,P.093 Sungai Besar,3,BUDIMAN BIN MOHD ZOHDI,46,male,bumiputera,BARISAN NASIONAL (BN),16636,0,lost
Selangor,P.094 Hulu Selangor,1,KUMAR A/L S. PARAMASIVAM,48,male,indian,BEBAS (BEBAS),426,0,lost_deposit
Selangor,P.094 Hulu Selangor,2,JUNE LEOW,53,female,chinese,PARTI KEADILAN RAKYAT (PKR),40783,1,won
Selangor,P.094 Hulu Selangor,3,P.KAMALANATHAN,52,male,indian,BARISAN NASIONAL (BN),27392,0,lost
Selangor,P.094 Hulu Selangor,4,WAN MAT,53,male,bumiputera,PARTI ISLAM SE MALAYSIA (PAS),16620,0,lost
Selangor,P.095 Tanjong Karang,1,ZULKAFPERI,58,male,bumiputera,PARTI KEADILAN RAKYAT (PKR),15626,0,lost
Selangor,P.095 Tanjong Karang,2,NOH BIN OMAR,60,male,bumiputera,BARISAN NASIONAL (BN),17596,1,won
Selangor,P.095 Tanjong Karang,3,NOR AZ AZLAN BIN AHMAD,50,male,bumiputera,PARTI ISLAM SE MALAYSIA (PAS),7276,0,lost
Selangor,P.096 Kuala Selangor,1,DZULKEFLY AHMAD,62,male,bumiputera,PARTI KEADILAN RAKYAT (PKR),29842,1,won
Selangor,P.096 Kuala Selangor,2,IRMOHIZAM,42,male,bumiputera,BARISAN NASIONAL (BN),21344,0,lost
Selangor,P.096 Kuala Selangor,3,FAKARUDDIN,46,male,bumiputera,PARTI ISLAM SE MALAYSIA (PAS),8535,0,lost
Selangor,P.097 Selayang,1,KANG MENG FUAT,36,male,chinese,BARISAN NASIONAL (BN),19501,0,lost
Selangor,P.097 Selayang,2,BRIG. GEN HASHIM KARIM,72,male,bumiputera,PARTI ISLAM SE MALAYSIA (PAS),18343,0,lost
Selangor,P.097 Selayang,3,WILLIAM LEONG JEE KEEN,61,male,chinese,PARTI KEADILAN RAKYAT (PKR),60158,1,won
Selangor,P.098 Gombak,1,AZMIN ALI,53,male,bumiputera,PARTI KEADILAN RAKYAT (PKR),75113,1,won
Selangor,P.098 Gombak,2,KHAIRIL NIZAM,38,male,bumiputera,PARTI ISLAM SE MALAYSIA (PAS),17537,0,lost
Selangor,P.098 Gombak,3,ABDUL RAHIM KAMARUDIN,64,male,bumiputera,BARISAN NASIONAL (BN),26392,0,lost
Selangor,P.099 Ampang,1,TAN HUA MENG,59,male,chinese,PARTI RAKYAT MALAYSIA (PRM),294,0,lost_deposit
Selangor,P.099 Ampang,2,NURUL ISLAM BIN MOHAMED YUSOFF,34,male,bumiputera,PARTI ISLAM SE MALAYSIA (PAS),9598,0,lost
Selangor,P.099 Ampang,3,LEONG KIM SOON,40,male,chinese,BARISAN NASIONAL (BN),12351,0,lost
Selangor,P.099 Ampang,4,ZURAIDA KAMARUDDIN,60,female,bumiputera,PARTI KEADILAN RAKYAT (PKR),54307,1,won
Selangor,P.100 Pandan,1,SUKRI OMAR,31,male,bumiputera,PARTI ISLAM SE MALAYSIA (PAS),8336,0,lost_deposit
Selangor,P.100 Pandan,2,WAN AZIZAH,65,female,bumiputera,PARTI KEADILAN RAKYAT (PKR),64733,1,won
Selangor,P.100 Pandan,3,LEONG KOK WEE,49,male,chinese,BARISAN NASIONAL (BN),12190,0,lost
Selangor,P.100 Pandan,4,MOHD KHAIRUL AZAM BIN ABDUL AZIZ,41,male,bumiputera,BEBAS (BEBAS),73,0,lost_deposit
Selangor,P.100 Pandan,5,JENICE LEE YING HA,38,female,chinese,PARTI RAKYAT MALAYSIA (PRM),442,0,lost_deposit
Selangor,P.101 Hulu Langat,1,CHE ROSLI CHE MAT,66,male,bumiputera,PARTI ISLAM SE MALAYSIA (PAS),15663,0,lost
Selangor,P.101 Hulu Langat,2,HASANUDDIN MOHD YUNUS,53,male,bumiputera,PARTI KEADILAN RAKYAT (PKR),49004,1,won
Selangor,P.101 Hulu Langat,3,AZMAN BIN AHMAD,58,male,bumiputera,BARISAN NASIONAL (BN),23580,0,lost
Selangor,P.102 Bangi,1,SHAFIE NGAH,51,male,bumiputera,PARTI ISLAM SE MALAYSIA (PAS),33789,0,lost
Selangor,P.102 Bangi,2,ONG KIAN MING,42,male,chinese,PARTI KEADILAN RAKYAT (PKR),102557,1,won
Selangor,P.102 Bangi,3,DENNIS WAN,36,male,chinese,PARTI RAKYAT MALAYSIA (PRM),215,0,lost_deposit
Selangor,P.102 Bangi,4,LIEW YUEN KEONG,57,male,chinese,BARISAN NASIONAL (BN),19766,0,lost
Selangor,P.103 Puchong,1,MOHAMAD ROSHARIZAN,44,male,bumiputera,PARTI ISLAM SE MALAYSIA (PAS),10255,0,lost_deposit
Selangor,P.103 Puchong,2,ANG CHIN TAT,48,male,chinese,BARISAN NASIONAL (BN),12794,0,lost
Selangor,P.103 Puchong,3,GOBIND SINGH DEO,44,male,other,PARTI KEADILAN RAKYAT (PKR),60429,1,won
Selangor,P.104 Subang,1,TOH SIN WAH,58,male,chinese,BEBAS (BEBAS),173,0,lost_deposit
Selangor,P.104 Subang,2,WONG CHEN,49,male,chinese,PARTI KEADILAN RAKYAT (PKR),104430,1,won
Selangor,P.104 Subang,3,TAN SEONG LIM,51,male,chinese,BARISAN NASIONAL (BN),12077,0,lost_deposit
Selangor,P.104 Subang,4,SHAHIR ADNAN,34,male,bumiputera,PARTI ISLAM SE MALAYSIA (PAS),9025,0,lost_deposit
Selangor,P.105 Petaling Jaya,1,MARIA CHIN ABDULLAH,61,female,bumiputera,PARTI KEADILAN RAKYAT (PKR),78984,1,won
Selangor,P.105 Petaling Jaya,2,CHEW HIAN TAT,43,male,chinese,BARISAN NASIONAL (BN),21847,0,lost
Selangor,P.105 Petaling Jaya,3,NORAINI BINTI HUSSIN,53,female,bumiputera,PARTI ISLAM SE MALAYSIA (PAS),14448,0,lost
Selangor,P.106 Damansara,1,WONG MUN KHEONG,45,male,chinese,PARTI RAKYAT MALAYSIA (PRM),617,0,lost_deposit
Selangor,P.106 Damansara,2,TONY PUA,45,male,bumiputera,PARTI KEADILAN RAKYAT (PKR),121283,1,won
Selangor,P.106 Damansara,3,RYAN HO KWOK XHENG,29,male,chinese,BARISAN NASIONAL (BN),14380,0,lost_deposit
Selangor,P.107 Sungai Buloh,1,A. PRAKASH RAO,52,male,indian,BARISAN NASIONAL (BN),16681,0,lost
Selangor,P.107 Sungai Buloh,2,SIVARASA RASIAH,61,male,indian,PARTI KEADILAN RAKYAT (PKR),43631,1,won
Selangor,P.107 Sungai Buloh,3,NURIDAH,57,female,bumiputera,PARTI ISLAM SE MALAYSIA (PAS),16997,0,lost
Selangor,P.107 Sungai Buloh,4,ZAINURIZZAMAN BIN MOHARAM,37,male,bumiputera,PARTI SOSIALIS MALAYSIA (PSM),642,0,lost_deposit
Selangor,P.108 Shah Alam,1,MOHD ZUHDI BIN MARSUKI,47,male,bumiputera,PARTI ISLAM SE MALAYSIA (PAS),15194,0,lost
Selangor,P.108 Shah Alam,2,AZHARI SHAARI,48,male,bumiputera,BARISAN NASIONAL (BN),22100,0,lost
Selangor,P.108 Shah Alam,3,KHALID ABDUL SAMAD,60,male,bumiputera,PARTI KEADILAN RAKYAT (PKR),55949,1,won
Selangor,P.109 Kapar,1,ABDULLAH SANI,56,male,bumiputera,PARTI KEADILAN RAKYAT (PKR),47731,1,won
Selangor,P.109 Kapar,2,MANIKAVASAGAM,52,male,indian,PARTI RAKYAT MALAYSIA (PRM),525,0,lost_deposit
Selangor,P.109 Kapar,3,ABDUL RANI BIN OSMAN,60,male,bumiputera,PARTI ISLAM SE MALAYSIA (PAS),31425,0,lost
Selangor,P.109 Kapar,4,MOHANA MUNIANDY,41,female,indian,BARISAN NASIONAL (BN),26412,0,lost
Selangor,P.110 Klang,1,KHAIRUL SHAH KOTTAPPAN,55,male,bumiputera,PARTI ISLAM SE MALAYSIA (PAS),9169,0,lost_deposit
Selangor,P.110 Klang,2,CHING EU BOON,50,male,chinese,BARISAN NASIONAL (BN),19506,0,lost
Selangor,P.110 Klang,3,CHARLES SANTIAGO,57,male,indian,PARTI KEADILAN RAKYAT (PKR),98279,1,won
Selangor,P.110 Klang,4,PUVANANDERAN A/L GANASAMOORTHY,55,male,indian,BEBAS (BEBAS),120,0,lost_deposit
Selangor,P.111 Kota Raja,1,MOHAMED DIAH BAHARUN,53,male,bumiputera,PARTI ISLAM SE MALAYSIA (PAS),19555,0,lost
Selangor,P.111 Kota Raja,2,MOHAMAD SABU,63,male,bumiputera,PARTI KEADILAN RAKYAT (PKR),90697,1,won
Selangor,P.111 Kota Raja,3,V. GUNALAN,45,male,indian,BARISAN NASIONAL (BN),17874,0,lost
Selangor,P.112 Kuala Langat,1,XAVIER JAYAKUMAR,65,male,indian,PARTI KEADILAN RAKYAT (PKR),43239,1,won
Selangor,P.112 Kuala Langat,2,SHAHRIL HAMDAN,32,male,bumiputera,BARISAN NASIONAL (BN),26127,0,lost
Selangor,P.112 Kuala Langat,3,YAHYA BABA,64,male,bumiputera,PARTI ISLAM SE MALAYSIA (PAS),18731,0,lost
Selangor,P.113 Sepang,1,SABIRIN MARSONO,50,male,bumiputera,PARTI ISLAM SE MALAYSIA (PAS),15882,0,lost
Selangor,P.113 Sepang,2,MARSUM BIN PAING,63,male,bumiputera,BARISAN NASIONAL (BN),28035,0,lost
Selangor,P.113 Sepang,3,MOHAMED HANIPA BIN MAIDIN,49,male,bumiputera,PARTI KEADILAN RAKYAT (PKR),46740,1,won
W.P. Kuala Lumpur,P.114 Kepong,1,LIM LIP ENG,45,male,chinese,PARTI KEADILAN RAKYAT (PKR),56516,1,won
W.P. Kuala Lumpur,P.114 Kepong,2,ONG SIANG LIANG,48,male,chinese,BARISAN NASIONAL (BN),4888,0,lost_deposit
W.P. Kuala Lumpur,P.115 Batu,1,V M PANJAMOTHY,62,male,indian,BEBAS (BEBAS),383,0,lost_deposit
W.P. Kuala Lumpur,P.115 Batu,2,DOMINIC LAU HOE CHAI,50,male,chinese,BARISAN NASIONAL (BN),13687,0,lost
W.P. Kuala Lumpur,P.115 Batu,3,PRABAKARAN PARAMESWARAN,22,male,indian,BEBAS (BEBAS),38125,1,won
W.P. Kuala Lumpur,P.115 Batu,4,AZHAR YAHYA,43,male,bumiputera,PARTI ISLAM SE MALAYSIA (PAS),10610,0,lost
W.P. Kuala Lumpur,P.116 Wangsa Maju,1,YEW TEONG LOOK,61,male,chinese,BARISAN NASIONAL (BN),17940,0,lost
W.P. Kuala Lumpur,P.116 Wangsa Maju,2,TAN YEE KEW,65,female,chinese,PARTI KEADILAN RAKYAT (PKR),42178,1,won
W.P. Kuala Lumpur,P.116 Wangsa Maju,3,RAZALI BIN TUMIRIN,56,male,bumiputera,PARTI ISLAM SE MALAYSIA (PAS),13490,0,lost
W.P. Kuala Lumpur,P.117 Segambut,1,SOLLEH RAZAK,32,male,bumiputera,PARTI ISLAM SE MALAYSIA (PAS),4181,0,lost_deposit
W.P. Kuala Lumpur,P.117 Segambut,2,LOGA BALA MOHAN,52,male,indian,BARISAN NASIONAL (BN),7422,0,lost_deposit
W.P. Kuala Lumpur,P.117 Segambut,3,HANNAH YEOH,39,female,chinese,PARTI KEADILAN RAKYAT (PKR),53124,1,won
W.P. Kuala Lumpur,P.118 Setiawangsa,1,NIK NAZMI BIN NIK AHMAD,36,male,bumiputera,PARTI KEADILAN RAKYAT (PKR),34471,1,won
W.P. Kuala Lumpur,P.118 Setiawangsa,2,UBAID BIN ABDUL AKLA,30,male,bumiputera,PARTI ISLAM SE MALAYSIA (PAS),6282,0,lost_deposit
W.P. Kuala Lumpur,P.118 Setiawangsa,3,ZULHASNAN BIN RAFIQUE,63,male,bumiputera,BARISAN NASIONAL (BN),20099,0,lost
W.P. Kuala Lumpur,P.119 Titiwangsa,1,JOHARI GHANI,54,male,bumiputera,BARISAN NASIONAL (BN),19701,0,lost
W.P. Kuala Lumpur,P.119 Titiwangsa,2,RINA MOHD HARUN,45,female,bumiputera,PARTI KEADILAN RAKYAT (PKR),23840,1,won
W.P. Kuala Lumpur,P.119 Titiwangsa,3,MOHAMAD NOOR MOHAMAD,59,male,bumiputera,PARTI ISLAM SE MALAYSIA (PAS),6845,0,lost
W.P. Kuala Lumpur,P.120 Bukit Bintang,1,KHAIRUL,42,male,bumiputera,PENANG FRONT PARTY (PFP),636,0,lost_deposit
W.P. Kuala Lumpur,P.120 Bukit Bintang,2,ANN TAN EAN EAN,46,female,chinese,BARISAN NASIONAL (BN),7256,0,lost
W.P. Kuala Lumpur,P.120 Bukit Bintang,3,FONG KUI LUN,71,male,chinese,PARTI KEADILAN RAKYAT (PKR),44516,1,won
W.P. Kuala Lumpur,P.121 Lembah Pantai,1,FAUZI BIN ABU BAKAR,58,male,bumiputera,PARTI ISLAM SE MALAYSIA (PAS),5277,0,lost_deposit
W.P. Kuala Lumpur,P.121 Lembah Pantai,2,RAJA NONG CHIK,65,male,bumiputera,BARISAN NASIONAL (BN),27715,0,lost
W.P. Kuala Lumpur,P.121 Lembah Pantai,3,FAHMI FADZIL,37,male,bumiputera,PARTI KEADILAN RAKYAT (PKR),33313,1,won
W.P. Kuala Lumpur,P.122 Seputeh,1,CHAN QUIN ER,31,female,chinese,BARISAN NASIONAL (BN),7035,0,lost_deposit
W.P. Kuala Lumpur,P.122 Seputeh,2,TERESA KOK,54,female,chinese,PARTI KEADILAN RAKYAT (PKR),63094,1,won
W.P. Kuala Lumpur,P.123 Cheras,1,HENG SINN YEE,40,female,chinese,BARISAN NASIONAL (BN),7006,0,lost_deposit
W.P. Kuala Lumpur,P.123 Cheras,2,TAN KOK WAI,60,male,chinese,PARTI KEADILAN RAKYAT (PKR),56671,1,won
W.P. Kuala Lumpur,P.124 Bandar Tun Razak,1,ADNAN BIN SEMAN,41,male,bumiputera,BARISAN NASIONAL (BN),21196,0,lost
W.P. Kuala Lumpur,P.124 Bandar Tun Razak,2,KAMARUDIN JAFFAR,66,male,bumiputera,PARTI KEADILAN RAKYAT (PKR),41126,1,won
W.P. Kuala Lumpur,P.124 Bandar Tun Razak,3,ROSNI ADAM,47,female,bumiputera,PARTI ISLAM SE MALAYSIA (PAS),7884,0,lost_deposit
W.P. Putrajaya,P.125 Putrajaya,1,TENGKU ADNAN BIN TENGKU MANSOR,67,male,bumiputera,BARISAN NASIONAL (BN),12148,1,won
W.P. Putrajaya,P.125 Putrajaya,2,ZAINAL ABIDIN KIDAM,68,male,bumiputera,PARTI ISLAM SE MALAYSIA (PAS),3634,0,lost
W.P. Putrajaya,P.125 Putrajaya,3,SAMSU ADABI BIN MAMAT,49,male,bumiputera,PARTI KEADILAN RAKYAT (PKR),8776,0,lost
Negeri Sembilan,P.126 Jelebu,1,MUSTAFAR KADIR,65,male,bumiputera,PARTI KEADILAN RAKYAT (PKR),17017,0,lost
Negeri Sembilan,P.126 Jelebu,2,JALALUDDIN BIN ALIAS,54,male,bumiputera,BARISAN NASIONAL (BN),19062,1,won
Negeri Sembilan,P.126 Jelebu,3,NORMAN IPIN,46,male,bumiputera,PARTI ISLAM SE MALAYSIA (PAS),2878,0,lost_deposit
Negeri Sembilan,P.127 Jempol,1,KAMARULZAMAN KAMDIAS,52,male,bumiputera,PARTI KEADILAN RAKYAT (PKR),25188,0,lost
Negeri Sembilan,P.127 Jempol,2,MUSTAFFA BIN DAHARUN,60,male,bumiputera,PARTI ISLAM SE MALAYSIA (PAS),5267,0,lost_deposit
Negeri Sembilan,P.127 Jempol,3,SALIM SHARIF,53,male,bumiputera,BARISAN NASIONAL (BN),26819,1,won
Negeri Sembilan,P.128 Seremban,1,AH CHONG @ CHONG SIN WOON,43,male,chinese,BARISAN NASIONAL (BN),24809,0,lost
Negeri Sembilan,P.128 Seremban,2,SHARIFFUDDIN,56,male,bumiputera,PARTI ISLAM SE MALAYSIA (PAS),11506,0,lost
Negeri Sembilan,P.128 Seremban,3,LOKE SIEW FOOK,41,male,chinese,PARTI KEADILAN RAKYAT (PKR),55503,1,won
Negeri Sembilan,P.129 Kuala Pilah,1,RAFIEI,64,male,bumiputera,PARTI ISLAM SE MALAYSIA (PAS),4347,0,lost_deposit
Negeri Sembilan,P.129 Kuala Pilah,2,HASAN BIN MALEK,72,male,bumiputera,BARISAN NASIONAL (BN),17845,0,lost
Negeri Sembilan,P.129 Kuala Pilah,3,EDDIN SYAZLEE SHITH,44,male,bumiputera,PARTI KEADILAN RAKYAT (PKR),18045,1,won
Negeri Sembilan,P.130 Rasah,1,KHAIRIL ANUAR WAFA,41,male,bumiputera,PARTI ISLAM SE MALAYSIA (PAS),8260,0,lost_deposit
Negeri Sembilan,P.130 Rasah,2,NG KIAN NAM,39,male,chinese,BARISAN NASIONAL (BN),14939,0,lost
Negeri Sembilan,P.130 Rasah,3,DAVID DASS ASEERPATHAM,42,male,indian,PARTI ALTERNATIF RAKYAT (PAP),302,0,lost_deposit
Negeri Sembilan,P.130 Rasah,4,CHA KEE CHIN,43,male,chinese,PARTI KEADILAN RAKYAT (PKR),61806,1,won
Negeri Sembilan,P.131 Rembau,1,MUSTAFA,66,male,bumiputera,PARTI ISLAM SE MALAYSIA (PAS),6028,0,lost_deposit
Negeri Sembilan,P.131 Rembau,2,KHAIRY JAMALUDDIN ABU BAKAR,42,male,bumiputera,BARISAN NASIONAL (BN),36096,1,won
Negeri Sembilan,P.131 Rembau,3,ROSELI BIN ABDUL GANI (B),63,male,bumiputera,PARTI KEADILAN RAKYAT (PKR),31732,0,lost
Negeri Sembilan,P.132 Port Dickson,1,MAHFUZ ROSLAN,33,male,bumiputera,PARTI ISLAM SE MALAYSIA (PAS),6594,0,lost_deposit
Negeri Sembilan,P.132 Port Dickson,2,DANYAL,67,male,indian,PARTI KEADILAN RAKYAT (PKR),36225,1,won
Negeri Sembilan,P.132 Port Dickson,3,VS MOGAN,49,male,indian,BARISAN NASIONAL (BN),18515,0,lost
Negeri Sembilan,P.133 Tampin,1,HASAN BAHROM,62,male,bumiputera,PARTI KEADILAN RAKYAT (PKR),22435,1,won
Negeri Sembilan,P.133 Tampin,2,SHAZIMAN BIN ABU MANSOR,54,male,bumiputera,BARISAN NASIONAL (BN),21433,0,lost
Negeri Sembilan,P.133 Tampin,3,ABDUL HALIM BIN ABU BAKAR (BERSARA),51,male,bumiputera,PARTI ISLAM SE MALAYSIA (PAS),4598,0,lost_deposit
Melaka,P.134 Masjid Tanah,1,SABIRIN BIN JA'AFAR,54,male,bumiputera,PARTI KEADILAN RAKYAT (PKR),14739,0,lost
Melaka,P.134 Masjid Tanah,2,NASIR OTHMAN,42,male,bumiputera,PARTI ISLAM SE MALAYSIA (PAS),4688,0,lost_deposit
Melaka,P.134 Masjid Tanah,3,MAS ERMIEYATI,41,female,bumiputera,BARISAN NASIONAL (BN),22898,1,won
Melaka,P.135 Alor Gajah,1,NAZREE ARIS,45,male,bumiputera,PARTI ISLAM SE MALAYSIA (PAS),6135,0,lost_deposit
Melaka,P.135 Alor Gajah,2,MOHD REDZUAN YUSOF (PAK WAN),61,male,bumiputera,PARTI KEADILAN RAKYAT (PKR),29330,1,won
Melaka,P.135 Alor Gajah,3,WONG NAI CHEE,49,male,chinese,BARISAN NASIONAL (BN),22350,0,lost
Melaka,P.136 Tangga Batu,1,RUSNAH,56,female,bumiputera,PARTI KEADILAN RAKYAT (PKR),32420,1,won
Melaka,P.136 Tangga Batu,2,ZALI MAT YASIN.,44,male,bumiputera,BARISAN NASIONAL (BN),27761,0,lost
Melaka,P.136 Tangga Batu,3,ZULKIFLI ISMAIL,52,male,bumiputera,PARTI ISLAM SE MALAYSIA (PAS),8961,0,lost
Melaka,P.137 Hang Tuah Jaya,1,SHAMSUL ISKANDAR MOHD AKIN,43,male,bumiputera,PARTI KEADILAN RAKYAT (PKR),39067,1,won
Melaka,P.137 Hang Tuah Jaya,2,MOHD ALI BIN MOHD RUSTAM,68,male,bumiputera,BARISAN NASIONAL (BN),30427,0,lost
Melaka,P.137 Hang Tuah Jaya,3,KHALID KASSIM,68,male,bumiputera,PARTI ISLAM SE MALAYSIA (PAS),7089,0,lost_deposit
Melaka,P.138 Kota Melaka,1,ERIC CHOO WEI SERN,30,male,chinese,BARISAN NASIONAL (BN),27343,0,lost
Melaka,P.138 Kota Melaka,2,KHOO POAY TIONG,47,male,chinese,PARTI KEADILAN RAKYAT (PKR),76518,1,won
Melaka,P.138 Kota Melaka,3,GOH LEONG SAN,50,male,chinese,BEBAS (BEBAS),1415,0,lost_deposit
Melaka,P.139 Jasin,1,KHAIRUDDIN ABU HASSAN,56,male,bumiputera,PARTI KEADILAN RAKYAT (PKR),26341,0,lost
Melaka,P.139 Jasin,2,ABDUL ALIM SHAPIE,59,male,bumiputera,PARTI ISLAM SE MALAYSIA (PAS),8860,0,lost
Melaka,P.139 Jasin,3,AHMAD HAMZAH,69,male,bumiputera,BARISAN NASIONAL (BN),26560,1,won
Johor,P.140 Segamat,1,KHAIRUL FAIZI BIN AHMAD KAMIL,45,male,bumiputera,PARTI ISLAM SE MALAYSIA (PAS),2676,0,lost_deposit
Johor,P.140 Segamat,2,S. SUBRAMANIAM,65,male,indian,BARISAN NASIONAL (BN),18584,0,lost
Johor,P.140 Segamat,3,SANTHARA,47,male,indian,PARTI KEADILAN RAKYAT (PKR),24060,1,won
Johor,P.141 Sekijang,1,AYUB BIN RAHMAT,48,male,bumiputera,BARISAN NASIONAL (BN),18278,0,lost
Johor,P.141 Sekijang,2,NATRAH ISMAIL,67,female,bumiputera,PARTI KEADILAN RAKYAT (PKR),19559,1,won
Johor,P.142 Labis,1,PANG HOK LIONG,60,male,chinese,PARTI KEADILAN RAKYAT (PKR),16977,1,won
Johor,P.142 Labis,2,SARCHU SAWAL,69,male,bumiputera,PARTI ISLAM SE MALAYSIA (PAS),2034,0,lost_deposit
Johor,P.142 Labis,3,CHUA TEE YONG,40,male,chinese,BARISAN NASIONAL (BN),13567,0,lost
Johor,P.143 Pagoh,1,ISMAIL BIN MOHAMED,46,male,bumiputera,BARISAN NASIONAL (BN),16631,0,lost
Johor,P.143 Pagoh,2,MUHYIDDIN BIN MD YASIN,71,male,bumiputera,PARTI KEADILAN RAKYAT (PKR),23558,1,won
Johor,P.143 Pagoh,3,AHMAD NAWFAL BIN MAHFODZ,33,male,bumiputera,PARTI ISLAM SE MALAYSIA (PAS),2483,0,lost_deposit
Johor,P.144 Ledang,1,RUSMAN BIN KEMIN,51,male,bumiputera,PARTI ISLAM SE MALAYSIA (PAS),4668,0,lost_deposit
Johor,P.144 Ledang,2,HAMIM SAMURI,59,male,bumiputera,BARISAN NASIONAL (BN),26040,0,lost
Johor,P.144 Ledang,3,SYED IBRAHIM BIN SYED NOH,53,male,bumiputera,PARTI KEADILAN RAKYAT (PKR),34706,1,won
Johor,P.145 Bakri,1,KOH CHON CHAI,51,male,chinese,BARISAN NASIONAL (BN),15507,0,lost
Johor,P.145 Bakri,2,YEO BEE YIN,34,female,chinese,PARTI KEADILAN RAKYAT (PKR),38718,1,won
Johor,P.145 Bakri,3,ZARUL BIN SALLEH,39,male,bumiputera,PARTI ISLAM SE MALAYSIA (PAS),7575,0,lost_deposit
Johor,P.146 Muar,1,ABDUL AZIZ BIN TALIB,59,male,bumiputera,PARTI ISLAM SE MALAYSIA (PAS),4354,0,lost_deposit
Johor,P.146 Muar,2,SYED SADDIQ,25,male,bumiputera,PARTI KEADILAN RAKYAT (PKR),22341,1,won
Johor,P.146 Muar,3,RAZALI BIN IBRAHIM,47,male,bumiputera,BARISAN NASIONAL (BN),15388,0,lost
Johor,P.147 Parit Sulong,1,NORAINI AHMAD,50,female,bumiputera,BARISAN NASIONAL (BN),24481,1,won
Johor,P.147 Parit Sulong,2,ANIS AFIDA,30,female,bumiputera,PARTI KEADILAN RAKYAT (PKR),18140,0,lost
Johor,P.147 Parit Sulong,3,AHMAD ROSDI BIN BAHARI,42,male,bumiputera,PARTI ISLAM SE MALAYSIA (PAS),7148,0,lost
Johor,P.148 Ayer Hitam,1,MARDI MARWAN,68,male,bumiputera,PARTI ISLAM SE MALAYSIA (PAS),4975,0,lost
Johor,P.148 Ayer Hitam,2,WEE KA SIONG,49,male,chinese,BARISAN NASIONAL (BN),17076,1,won
Johor,P.148 Ayer Hitam,3,LIEW CHIN TONG,40,male,chinese,PARTI KEADILAN RAKYAT (PKR),16773,0,lost
Johor,P.149 Sri Gading,1,SHAHRUDDIN SALLEH,62,male,bumiputera,PARTI KEADILAN RAKYAT (PKR),21511,1,won
Johor,P.149 Sri Gading,2,M ASHARI SIDON,58,male,bumiputera,PARTI ISLAM SE MALAYSIA (PAS),4548,0,lost_deposit
Johor,P.149 Sri Gading,3,AZIZ KAPRAWI,58,male,bumiputera,BARISAN NASIONAL (BN),18223,0,lost
Johor,P.150 Batu Pahat,1,MAHFODZ BIN MOHAMED,73,male,bumiputera,PARTI ISLAM SE MALAYSIA (PAS),8173,0,lost_deposit
Johor,P.150 Batu Pahat,2,MOHD RASHID,58,male,bumiputera,PARTI KEADILAN RAKYAT (PKR),45929,1,won
Johor,P.150 Batu Pahat,3,HALIZA BINTI ABDULLAH,50,female,bumiputera,BARISAN NASIONAL (BN),28035,0,lost
Johor,P.151 Simpang Renggam,1,MOHD JUBRI BIN SELAMAT,61,male,bumiputera,PARTI ISLAM SE MALAYSIA (PAS),2983,0,lost_deposit
Johor,P.151 Simpang Renggam,2,MASZLEE MALIK,43,male,bumiputera,PARTI KEADILAN RAKYAT (PKR),18157,1,won
Johor,P.151 Simpang Renggam,3,LIANG TECK MENG,46,male,chinese,BARISAN NASIONAL (BN),14682,0,lost
Johor,P.152 Kluang,1,HASBULLAH NAJIB,29,male,bumiputera,PARTI ISLAM SE MALAYSIA (PAS),8242,0,lost_deposit
Johor,P.152 Kluang,2,WONG SHU QI,34,female,bumiputera,PARTI KEADILAN RAKYAT (PKR),47671,1,won
Johor,P.152 Kluang,3,GAN PING SIEU,52,male,chinese,BARISAN NASIONAL (BN),24618,0,lost
Johor,P.153 Sembrong,1,HISHAMMUDDIN TUN HUSSEIN,56,male,bumiputera,BARISAN NASIONAL (BN),21353,1,won
Johor,P.153 Sembrong,2,ONN BIN ABU BAKAR,54,male,bumiputera,PARTI KEADILAN RAKYAT (PKR),14691,0,lost
Johor,P.154 Mersing,1,MOHD NASIR BIN HASHIM,60,male,bumiputera,PARTI KEADILAN RAKYAT (PKR),11347,0,lost
Johor,P.154 Mersing,2,A. RAHMAN BIN A. HAMID,64,male,bumiputera,PARTI ISLAM SE MALAYSIA (PAS),6215,0,lost
Johor,P.154 Mersing,3,ABDUL LATIFF,59,male,bumiputera,BARISAN NASIONAL (BN),19806,1,won
Johor,P.155 Tenggara,1,NORJEPRI BIN MOHAMED JELANI,52,male,bumiputera,PARTI KEADILAN RAKYAT (PKR),14209,0,lost
Johor,P.155 Tenggara,2,YUHANITA BINTI YUNAN,42,female,bumiputera,PARTI ISLAM SE MALAYSIA (PAS),2683,0,lost_deposit
Johor,P.155 Tenggara,3,ADHAM BIN BABA,55,male,bumiputera,BARISAN NASIONAL (BN),20142,1,won
Johor,P.156 Kota Tinggi,1,AZLINDA LATIF,42,female,bumiputera,PARTI KEADILAN RAKYAT (PKR),11786,0,lost
Johor,P.156 Kota Tinggi,2,HALIMAH BINTI MOHAMED SADIQUE,56,female,bumiputera,BARISAN NASIONAL (BN),26407,1,won
Johor,P.157 Pengerang,1,NORLIZA NGADIRAN,49,female,bumiputera,PARTI KEADILAN RAKYAT (PKR),10412,0,lost
Johor,P.157 Pengerang,2,AZALINA OTHMAN SAID,54,female,bumiputera,BARISAN NASIONAL (BN),21829,1,won
Johor,P.158 Tebrau,1,STEVEN CHOONG,60,male,chinese,PARTI KEADILAN RAKYAT (PKR),64535,1,won
Johor,P.158 Tebrau,2,HOU KOK CHUNG,55,male,chinese,BARISAN NASIONAL (BN),27310,0,lost
Johor,P.158 Tebrau,3,ABDULLAH HUSIN,56,male,bumiputera,PARTI ISLAM SE MALAYSIA (PAS),12098,0,lost_deposit
Johor,P.159 Pasir Gudang,1,ABDUL AZIZ BIN ABDULLAH,48,male,bumiputera,PARTI ISLAM SE MALAYSIA (PAS),6278,0,lost_deposit
Johor,P.159 Pasir Gudang,2,MOHAMED KHALED NORDIN,59,male,bumiputera,BARISAN NASIONAL (BN),36889,0,lost
Johor,P.159 Pasir Gudang,3,CHEE JOCK,75,male,chinese,BEBAS (BEBAS),227,0,lost_deposit
Johor,P.159 Pasir Gudang,4,HASSAN BIN ABDUL KARIM,66,male,bumiputera,PARTI KEADILAN RAKYAT (PKR),61615,1,won
Johor,P.160 Johor Bahru,1,SHAHRIR ABDUL SAMAD,68,male,bumiputera,BARISAN NASIONAL (BN),30270,0,lost
Johor,P.160 Johor Bahru,2,AKMAL NASIR,31,male,bumiputera,PARTI KEADILAN RAKYAT (PKR),50052,1,won
Johor,P.161 Pulai,1,YAP KENG TAK,58,male,chinese,BEBAS (BEBAS),591,0,lost_deposit
Johor,P.161 Pulai,2,SALAHUDDIN AYUB,56,male,bumiputera,PARTI KEADILAN RAKYAT (PKR),55447,1,won
Johor,P.161 Pulai,3,NUR JAZLAN BIN MOHAMED,52,male,bumiputera,BARISAN NASIONAL (BN),26523,0,lost
Johor,P.161 Pulai,4,MOHD MAZRI BIN YAHYA,48,male,bumiputera,PARTI ISLAM SE MALAYSIA (PAS),4332,0,lost_deposit
Johor,P.162 Iskandar Puteri,1,JASON TEOH SEW HOCK,48,male,chinese,BARISAN NASIONAL (BN),35862,0,lost
Johor,P.162 Iskandar Puteri,2,LIM KIT SIANG,77,male,chinese,PARTI KEADILAN RAKYAT (PKR),80726,1,won
Johor,P.163 Kulai,1,TANG NAI SOON,48,male,chinese,BARISAN NASIONAL (BN),22564,0,lost
Johor,P.163 Kulai,2,JUWAHIR BIN AMIN,37,male,bumiputera,PARTI ISLAM SE MALAYSIA (PAS),6667,0,lost_deposit
Johor,P.163 Kulai,3,TEO NIE CHING,37,female,chinese,PARTI KEADILAN RAKYAT (PKR),55312,1,won
Johor,P.164 Pontian,1,KARMAINE BIN SARDINI,65,male,bumiputera,PARTI KEADILAN RAKYAT (PKR),20299,0,lost
Johor,P.164 Pontian,2,AHMAD MASLAN,52,male,bumiputera,BARISAN NASIONAL (BN),21132,1,won
Johor,P.164 Pontian,3,BAHAROM MOHAMAD,61,male,bumiputera,PARTI ISLAM SE MALAYSIA (PAS),4295,0,lost_deposit
Johor,P.165 Tanjung Piai,1,NORDIN BIN OTHMAN,54,male,bumiputera,PARTI ISLAM SE MALAYSIA (PAS),2962,0,lost_deposit
Johor,P.165 Tanjung Piai,2,Wee Jeck SENG,54,male,chinese,BARISAN NASIONAL (BN),20731,0,lost
Johor,P.165 Tanjung Piai,3,MOHD FARID,41,male,bumiputera,PARTI KEADILAN RAKYAT (PKR),21255,1,won
W.P. Labuan,P.166 Labuan,1,ROZMAN BIN ISLI,53,male,bumiputera,BARISAN NASIONAL (BN),10164,1,won
W.P. Labuan,P.166 Labuan,2,SITI ZALEHA S.W.IBRAHIM,61,female,bumiputera,PARTI HARAPAN RAKYAT SABAH (HR),925,0,lost_deposit
W.P. Labuan,P.166 Labuan,3,AHMAD JUNID @ JUNIT BIN MOHD ALING @ ALING,51,male,bumiputera,PARTI ISLAM SE MALAYSIA (PAS),1555,0,lost_deposit
W.P. Labuan,P.166 Labuan,4,NOOR HALIM BIN ZAINI,53,male,bumiputera,PARTI WARISAN SABAH (WARISAN),8714,0,lost
Sabah,P.167 Kudat,1,SHARIFF AZMAN SH ALONG,49,male,bumiputera,PARTI WARISAN SABAH (WARISAN),17144,0,lost
Sabah,P.167 Kudat,2,MOHD ASHRAF CHIN ABDULLAH,51,male,bumiputera,PARTI PERPADUAN RAKYAT SABAH (PPRS),1432,0,lost_deposit
Sabah,P.167 Kudat,3,ABDUL RAHIM BAKRI,57,male,bumiputera,BARISAN NASIONAL (BN),18503,1,won
Sabah,P.168 Kota Marudu,1,PAUL PORODONG,48,male,bumiputera,PARTI CINTA SABAH (PCS),2501,0,lost_deposit
Sabah,P.168 Kota Marudu,2,MAIJOL MAHAP,58,male,bumiputera,PARTI HARAPAN RAKYAT SABAH (HR),11259,0,lost
Sabah,P.168 Kota Marudu,3,BARLUS BIN MANGABIS,51,male,bumiputera,PARTI WARISAN SABAH (WARISAN),7113,0,lost
Sabah,P.168 Kota Marudu,4,PANGLIMA MAXIMUS JOHNITY ONGKILI,64,male,bumiputera,BARISAN NASIONAL (BN),13033,1,won
Sabah,P.169 Kota Belud,1,AG LAIMAN BIN IKIN,56,male,bumiputera,PARTI ISLAM SE MALAYSIA (PAS),1410,0,lost_deposit
Sabah,P.169 Kota Belud,2,SALLEH SAID KERUAK,60,male,bumiputera,BARISAN NASIONAL (BN),19167,0,lost
Sabah,P.169 Kota Belud,3,MIASIN @ AIMADUDDIN BIN MION,45,male,bumiputera,PARTI HARAPAN RAKYAT SABAH (HR),2092,0,lost_deposit
Sabah,P.169 Kota Belud,4,MUNIRAH MAJILIS,36,female,bumiputera,PARTI WARISAN SABAH (WARISAN),23429,1,won
Sabah,P.170 Tuaran,1,PANGLIMA WILFRED MADIUS TANGAU,60,male,bumiputera,BARISAN NASIONAL (BN),22494,1,won
Sabah,P.170 Tuaran,2,CHRISNADIA SINAM,35,female,bumiputera,PARTI KEADILAN RAKYAT (PKR),14870,0,lost
Sabah,P.170 Tuaran,3,SYRA PETER @ P GOM,46,female,bumiputera,PARTI HARAPAN RAKYAT SABAH (HR),2311,0,lost_deposit
Sabah,P.170 Tuaran,4,KALAKAU @ KALAKAN BIN UNTOL @ ENTOL,63,male,bumiputera,PARTI CINTA SABAH (PCS),2611,0,lost_deposit
Sabah,P.170 Tuaran,5,PAUMIN @ MOHD AMINUDDIN BIN ALING,55,male,bumiputera,PARTI ISLAM SE MALAYSIA (PAS),1357,0,lost_deposit
Sabah,P.171 Sepanggar,1,JEFFREY KUMIN,50,male,bumiputera,PARTI MAJU SABAH (SAPP),2958,0,lost_deposit
Sabah,P.171 Sepanggar,2,ROBERT SOPINING,41,male,bumiputera,PARTI CINTA SABAH (PCS),971,0,lost_deposit
Sabah,P.171 Sepanggar,3,ABDUL RAHMAN BIN DAHLAN,52,male,bumiputera,BARISAN NASIONAL (BN),15436,0,lost
Sabah,P.171 Sepanggar,4,MOHD AZIS BIN JAMMAN,43,male,bumiputera,PARTI WARISAN SABAH (WARISAN),28420,1,won
Sabah,P.172 Kota Kinabalu,1,JOSEPH LEE HAN KYUN,46,male,chinese,BARISAN NASIONAL (BN),7546,0,lost
Sabah,P.172 Kota Kinabalu,2,YONG TECK LEE,59,male,chinese,PARTI MAJU SABAH (SAPP),3132,0,lost_deposit
Sabah,P.172 Kota Kinabalu,3,CHAN FOONG HIN,39,male,chinese,PARTI TINDAKAN DEMOKRATIK (DAP),31632,1,won
Sabah,P.173 Putatan,1,EDMUND JIVOL DOUDILIM,60,male,bumiputera,PARTI HARAPAN RAKYAT SABAH (HR),1755,0,lost_deposit
Sabah,P.173 Putatan,2,ZULZAIM HILMEE ABIDIN,30,male,bumiputera,PARTI ISLAM SE MALAYSIA (PAS),2434,0,lost_deposit
Sabah,P.173 Putatan,3,AWANG HUSAINI BIN SAHARI,51,male,bumiputera,PARTI KEADILAN RAKYAT (PKR),14106,1,won
Sabah,P.173 Putatan,4,MIL KUSIN ABDILLAH SULAI,56,male,bumiputera,PARTI KERJASAMA ANAK NEGERI (ANAKNEGERI),728,0,lost_deposit
Sabah,P.173 Putatan,5,MARCUS MAKIN MOJIGOH,65,male,bumiputera,BARISAN NASIONAL (BN),11767,0,lost
Sabah,P.174 Penampang,1,DARELL LEIKING,46,male,bumiputera,PARTI WARISAN SABAH (WARISAN),32470,1,won
Sabah,P.174 Penampang,2,CLEFTUS STEPHEN SPINE,64,male,bumiputera,PARTI SOLIDARITI TANAH AIRKU (SOLIDARITI),1196,0,lost_deposit
Sabah,P.174 Penampang,3,CEASAR MANDELA MALAKUN,27,male,bumiputera,BARISAN NASIONAL (BN),8997,0,lost
Sabah,P.174 Penampang,4,EDWIN @ JACK BOSI,61,male,bumiputera,PARTI KERJASAMA ANAK NEGERI (ANAKNEGERI),445,0,lost_deposit
Sabah,P.175 Papar,1,ELBERT BIN SIKUIL,58,male,bumiputera,PARTI CINTA SABAH (PCS),481,0,lost_deposit
Sabah,P.175 Papar,2,ROSNAH HJ ABDUL RASHID SHIRLIN,45,female,bumiputera,BARISAN NASIONAL (BN),17069,0,lost
Sabah,P.175 Papar,3,JAMIL BIN WILLIAM CORE,54,male,bumiputera,PARTI SOLIDARITI TANAH AIRKU (SOLIDARITI),892,0,lost_deposit
Sabah,P.175 Papar,4,AHMAD BIN HASSAN,57,male,bumiputera,PARTI WARISAN SABAH (WARISAN),17394,1,won
Sabah,P.176 Kimanis,1,ANIFAH AMAN,64,male,bumiputera,BARISAN NASIONAL (BN),11942,1,won
Sabah,P.176 Kimanis,2,KARIM BIN BUJANG,64,male,bumiputera,PARTI WARISAN SABAH (WARISAN),11786,0,lost
Sabah,P.176 Kimanis,3,JAAFAR BIN ISMAIL,61,male,bumiputera,PARTI HARAPAN RAKYAT SABAH (HR),1300,0,lost_deposit
Sabah,P.177 Beaufort,1,AZIZAH BINTI MOHD DUN,63,female,bumiputera,BARISAN NASIONAL (BN),11354,1,won
Sabah,P.177 Beaufort,2,JOHN OT GHANI,65,male,bumiputera,PARTI KEADILAN RAKYAT (PKR),7835,0,lost
Sabah,P.177 Beaufort,3,LAJIM BIN UKIN (PANGLIMA),62,male,bumiputera,PARTI HARAPAN RAKYAT SABAH (HR),8023,0,lost
Sabah,P.178 Sipitang,1,HAFEZ MUSA,40,male,bumiputera,BARISAN NASIONAL (BN),12038,1,won
Sabah,P.178 Sipitang,2,NOOR HAYATY BINTI MUSTAPHA,48,female,bumiputera,PARTI WARISAN SABAH (WARISAN),11186,0,lost
Sabah,P.178 Sipitang,3,DAYANG AEZZY BINTI LIMAN,34,female,bumiputera,PARTI HARAPAN RAKYAT SABAH (HR),1547,0,lost_deposit
Sabah,P.179 Ranau,1,EWON EBIN,63,male,bumiputera,BARISAN NASIONAL (BN),13804,0,lost
Sabah,P.179 Ranau,2,ANDAU BIN YASUN @ BRUNO,58,male,bumiputera,PARTI CINTA SABAH (PCS),1110,0,lost_deposit
Sabah,P.179 Ranau,3,JONATHAN BIN YASIN,50,male,bumiputera,PARTI KEADILAN RAKYAT (PKR),14880,1,won
Sabah,P.179 Ranau,4,SOUDI @ SAMI BIN ANDANG,60,male,bumiputera,PARTI SOLIDARITI TANAH AIRKU (SOLIDARITI),3148,0,lost_deposit
Sabah,P.180 Keningau,1,JIUS BIN AWANG,54,male,bumiputera,PARTI CINTA SABAH (PCS),433,0,lost_deposit
Sabah,P.180 Keningau,2,MAIMIN @ JEFFRUS RIJAN,64,male,bumiputera,BEBAS (BEBAS),248,0,lost_deposit
Sabah,P.180 Keningau,3,DANIEL KINSIK,59,male,bumiputera,BARISAN NASIONAL (BN),12742,0,lost
Sabah,P.180 Keningau,4,JEFFREY KITINGAN,70,male,bumiputera,PARTI SOLIDARITI TANAH AIRKU (SOLIDARITI),13286,1,won
Sabah,P.180 Keningau,5,JUSTIN GUKA,61,male,bumiputera,BEBAS (BEBAS),199,0,lost_deposit
Sabah,P.180 Keningau,6,JAKE NOINTIN,56,male,bumiputera,PARTI WARISAN SABAH (WARISAN),13241,0,lost
Sabah,P.181 Tenom,1,RUBIN BIN BALANG,55,male,bumiputera,BARISAN NASIONAL (BN),10230,0,lost
Sabah,P.181 Tenom,2,NOORITA SUAL,38,female,bumiputera,PARTI TINDAKAN DEMOKRATIK (DAP),11363,1,won
Sabah,P.181 Tenom,3,LAIMOI @ YUSLINAH BINTI LAIKIM,50,female,bumiputera,PARTI HARAPAN RAKYAT SABAH (HR),645,0,lost_deposit
Sabah,P.182 Pensiangan,1,RICHARD JOE JIMMY,62,male,bumiputera,PARTI SOLIDARITI TANAH AIRKU (SOLIDARITI),2839,0,lost_deposit
Sabah,P.182 Pensiangan,2,RAYMOND BIN AHUAR,32,male,bumiputera,PARTI KEADILAN RAKYAT (PKR),9469,0,lost
Sabah,P.182 Pensiangan,3,MAIDIN BIN ATAK @ MAIDIN OSMAN,60,male,bumiputera,PARTI CINTA SABAH (PCS),212,0,lost_deposit
Sabah,P.182 Pensiangan,4,ARTHUR JOSEPH KURUP,35,male,bumiputera,BARISAN NASIONAL (BN),11783,1,won
Sabah,P.182 Pensiangan,5,ENGAH BIN SINTAN,66,male,bumiputera,BEBAS (BEBAS),65,0,lost_deposit
Sabah,P.183 Beluran,1,RONALD KIANDEE,57,male,bumiputera,BARISAN NASIONAL (BN),13007,1,won
Sabah,P.183 Beluran,2,SALIMAH BINTI OYONG,52,female,bumiputera,BEBAS (BEBAS),246,0,lost_deposit
Sabah,P.183 Beluran,3,TOIDY LUIT,52,male,bumiputera,PARTI CINTA SABAH (PCS),284,0,lost_deposit
Sabah,P.183 Beluran,4,SIPIN BIN KADANDI,56,male,bumiputera,PARTI HARAPAN RAKYAT SABAH (HR),996,0,lost_deposit
Sabah,P.183 Beluran,5,JAPAR BIN ZAIRUN,48,male,bumiputera,PARTI WARISAN SABAH (WARISAN),5892,0,lost
Sabah,P.183 Beluran,6,LEM MATIN @ SALIM BIN MATIN,59,male,bumiputera,PARTI PERPADUAN RAKYAT SABAH (PPRS),273,0,lost_deposit
Sabah,P.184 Libaran,1,ZAKARIA BIN MOHD EDRIS @ TUBAU,67,male,bumiputera,BARISAN NASIONAL (BN),17799,1,won
Sabah,P.184 Libaran,2,ALFIAN BIN MANSYUR,34,male,bumiputera,PARTI HARAPAN RAKYAT SABAH (HR),1223,0,lost_deposit
Sabah,P.184 Libaran,3,IRWANSHAH BIN MUSTAPA,37,male,bumiputera,PARTI WARISAN SABAH (WARISAN),17121,0,lost
Sabah,P.185 Batu Sapi,1,LINDA TSEN THAU LIN,61,female,chinese,BARISAN NASIONAL (BN),8357,0,lost
Sabah,P.185 Batu Sapi,2,LIEW VUI KEONG,58,male,chinese,PARTI WARISAN SABAH (WARISAN),12976,1,won
Sabah,P.185 Batu Sapi,3,HAMZAH BIN ABDULLAH,64,male,bumiputera,PARTI AMANAH NEGARA (AMANAH),980,0,lost_deposit
Sabah,P.185 Batu Sapi,4,NORSAH BONGSU,46,female,bumiputera,PARTI ISLAM SE MALAYSIA (PAS),948,0,lost_deposit
Sabah,P.186 Sandakan,1,LIM MING HOO,55,male,chinese,BARISAN NASIONAL (BN),8996,0,lost
Sabah,P.186 Sandakan,2,STEPHEN WONG TIEN FATT,63,male,chinese,PARTI TINDAKAN DEMOKRATIK (DAP),19094,1,won
Sabah,P.187 Kinabatangan,1,MUSTAPA BIN TAMBUYONG,54,male,bumiputera,PARTI HARAPAN RAKYAT SABAH (HR),2066,0,lost_deposit
Sabah,P.187 Kinabatangan,2,GHAZALI ABDUL GHANI,48,male,bumiputera,PARTI WARISAN SABAH (WARISAN),4987,0,lost
Sabah,P.187 Kinabatangan,3,BUNG MOKTAR RADIN,58,male,bumiputera,BARISAN NASIONAL (BN),14465,1,won
Sabah,P.188 Lahad Datu,1,NASRUN BIN MANSUR,65,male,bumiputera,BARISAN NASIONAL (BN),16951,0,lost
Sabah,P.188 Lahad Datu,2,MOHAMADDIN BIN KETAPI,60,male,bumiputera,PARTI WARISAN SABAH (WARISAN),23352,1,won
Sabah,P.188 Lahad Datu,3,RAMLI BIN PATARUDDIN ,43,male,bumiputera,PARTI ISLAM SE MALAYSIA (PAS),1431,0,lost_deposit
Sabah,P.188 Lahad Datu,4,SITI SHAZIANTI BINTI AJAK,27,female,bumiputera,PARTI HARAPAN RAKYAT SABAH (HR),1306,0,lost_deposit
Sabah,P.189 Semporna,1,ABDUL NASIR BIN ABDUL RAUP,42,male,bumiputera,PARTI ISLAM SE MALAYSIA (PAS),384,0,lost_deposit
Sabah,P.189 Semporna,2,ASMARA BIN ASMAD,54,male,bumiputera,PARTI HARAPAN RAKYAT SABAH (HR),98,0,lost_deposit
Sabah,P.189 Semporna,3,RAMLEE MARAHABAN,54,male,bumiputera,BARISAN NASIONAL (BN),6135,0,lost
Sabah,P.189 Semporna,4,MOHD SHAFIE APDAL,60,male,bumiputera,PARTI WARISAN SABAH (WARISAN),26809,1,won
Sabah,P.190 Tawau,1,MARY YAP KAIN CHING,67,female,chinese,BARISAN NASIONAL (BN),16673,0,lost
Sabah,P.190 Tawau,2,ALIZAMAN BIN JIJURAHMAN,61,male,bumiputera,PARTI HARAPAN RAKYAT SABAH (HR),2162,0,lost_deposit
Sabah,P.190 Tawau,3,MOHAMAD BIN HUSAIN,65,male,bumiputera,PARTI ISLAM SE MALAYSIA (PAS),2518,0,lost_deposit
Sabah,P.190 Tawau,4,CHRISTINA LIEW,65,female,chinese,PARTI KEADILAN RAKYAT (PKR),21400,1,won
Sabah,P.191 Kalabakan,1,MA'MUN BIN SULAIMAN,52,male,bumiputera,PARTI WARISAN SABAH (WARISAN),18486,1,won
Sabah,P.191 Kalabakan,2,ABDUL GHAPUR BIN SALLEH,75,male,bumiputera,BARISAN NASIONAL (BN),15299,0,lost
Sabah,P.191 Kalabakan,3,NORBIN BIN ALOH,61,male,bumiputera,PARTI ISLAM SE MALAYSIA (PAS),2813,0,lost_deposit
Sabah,P.191 Kalabakan,4,AHMAD BIN LAHAMA,62,male,bumiputera,PARTI PERPADUAN RAKYAT SABAH (PPRS),311,0,lost_deposit
Sarawak,P.192 Mas Gading,1,MORDI BIMOL,33,male,bumiputera,PARTI TINDAKAN DEMOKRATIK (DAP),12771,1,won
Sarawak,P.192 Mas Gading,2,NOGEH ANAK GUMBEK,61,male,bumiputera,BARISAN NASIONAL (BN),9747,0,lost
Sarawak,P.193 Santubong,1,FIDZUAN ZAIDI,40,male,bumiputera,PARTI KEADILAN RAKYAT (PKR),6894,0,lost
Sarawak,P.193 Santubong,2,WAN JUNAIDI BIN TUANKU JAAFAR,72,male,bumiputera,BARISAN NASIONAL (BN),26379,1,won
Sarawak,P.194 Petra Jaya,1,FADILLAH HJ YUSOF,56,male,bumiputera,BARISAN NASIONAL (BN),28306,1,won
Sarawak,P.194 Petra Jaya,2,NOR IRWAN BIN AHMAT NOR,42,male,bumiputera,PARTI KEADILAN RAKYAT (PKR),13289,0,lost
Sarawak,P.194 Petra Jaya,3,HAMDAN SANI,31,male,bumiputera,PARTI ISLAM SE MALAYSIA (PAS),1350,0,lost_deposit
Sarawak,P.195 Bandar Kuching,1,KHO TECK WAN,41,female,chinese,BARISAN NASIONAL (BN),12575,0,lost
Sarawak,P.195 Bandar Kuching,2,KELVIN YII LEE WUEN,31,male,chinese,PARTI TINDAKAN DEMOKRATIK (DAP),48548,1,won
Sarawak,P.196 Stampin,1,SIM KUI HIAN,52,male,chinese,BARISAN NASIONAL (BN),18839,0,lost
Sarawak,P.196 Stampin,2,CHONG CHIENG JEN,47,male,chinese,PARTI TINDAKAN DEMOKRATIK (DAP),33060,1,won
Sarawak,P.197 Kota Samarahan,1,RUBIAH WANG,50,female,bumiputera,BARISAN NASIONAL (BN),25070,1,won
Sarawak,P.197 Kota Samarahan,2,SOPIAN BIN JULAIHI,49,male,bumiputera,PARTI KEADILAN RAKYAT (PKR),8078,0,lost
Sarawak,P.197 Kota Samarahan,3,ZULKIPLI RAMZI,39,male,bumiputera,PARTI ISLAM SE MALAYSIA (PAS),2719,0,lost_deposit
Sarawak,P.198 Puncak Borneo,1,BULN RIBOS,49,male,bumiputera,PARTI REFORMASI NEGERI SARAWAK (STAR),795,0,lost_deposit
Sarawak,P.198 Puncak Borneo,2,JEANNOTH SINEL,53,male,bumiputera,BARISAN NASIONAL (BN),14860,0,lost
Sarawak,P.198 Puncak Borneo,3,WILLIE MONGIN,42,male,bumiputera,PARTI KEADILAN RAKYAT (PKR),18865,1,won
Sarawak,P.199 Serian,1,EDWARD ANDREW LUWAK,65,male,bumiputera,PARTI TINDAKAN DEMOKRATIK (DAP),7640,0,lost
Sarawak,P.199 Serian,2,RICHARD RIOT ANAK JAEM,66,male,bumiputera,BARISAN NASIONAL (BN),17545,1,won
Sarawak,P.199 Serian,3,SENIOR ANAK WILLIAM RADE,58,male,bumiputera,BEBAS (BEBAS),2234,0,lost_deposit
Sarawak,P.200 Batang Sadong,1,NANCY SHUKRI,56,female,bumiputera,BARISAN NASIONAL (BN),14208,1,won
Sarawak,P.200 Batang Sadong,2,USTAZ. OTHMAN BIN MUSTAPHA @ MOS,62,male,bumiputera,PARTI KEADILAN RAKYAT (PKR),1880,0,lost_deposit
Sarawak,P.200 Batang Sadong,3,ASAN SINGKRO,64,male,bumiputera,PARTI ISLAM SE MALAYSIA (PAS),978,0,lost_deposit
Sarawak,P.201 Batang Lupar,1,ROHANI KARIM,63,female,bumiputera,BARISAN NASIONAL (BN),14204,1,won
Sarawak,P.201 Batang Lupar,2,WAN ABDILLAH,46,male,bumiputera,PARTI ISLAM SE MALAYSIA (PAS),3927,0,lost
Sarawak,P.201 Batang Lupar,3,NARUDIN BIN MENTALI,52,male,bumiputera,PARTI KEADILAN RAKYAT (PKR),2020,0,lost_deposit
Sarawak,P.202 Sri Aman,1,MASIR KUJAT,63,male,bumiputera,BARISAN NASIONAL (BN),14141,1,won
Sarawak,P.202 Sri Aman,2,COBBOLD ANAK LUSOI,56,male,bumiputera,PARTI BANSA DAYAK SARAWAK BARU (PBDSB),538,0,lost_deposit
Sarawak,P.202 Sri Aman,3,NORINA UMOI ANAK UTOT,56,female,bumiputera,PARTI KEADILAN RAKYAT (PKR),8321,0,lost
Sarawak,P.203 Lubok Antu,1,JUGAH AK MUYANG,54,male,bumiputera,BEBAS (BEBAS),5834,1,won
Sarawak,P.203 Lubok Antu,2,NICHOLAS BAWIN ANGGAT,59,male,bumiputera,PARTI KEADILAN RAKYAT (PKR),3942,0,lost
Sarawak,P.203 Lubok Antu,3,ROBERT PASANG ALAM,52,male,bumiputera,BARISAN NASIONAL (BN),4775,0,lost
Sarawak,P.204 Betong,1,ABANG AHMAD BIN ABANG SUNI,64,male,bumiputera,BEBAS (BEBAS),4401,0,lost
Sarawak,P.204 Betong,2,NOEL CHANGGAI BUCKING,57,male,bumiputera,PARTI KEADILAN RAKYAT (PKR),3802,0,lost
Sarawak,P.204 Betong,3,ROBERT LAWSON CHUAT,59,male,bumiputera,BARISAN NASIONAL (BN),12517,1,won
Sarawak,P.205 Saratok,1,SUBENG ANAK MULA,54,male,bumiputera,BARISAN NASIONAL (BN),10859,0,lost
Sarawak,P.205 Saratok,2,ALI BIJU,50,male,bumiputera,PARTI KEADILAN RAKYAT (PKR),11848,1,won
Sarawak,P.206 Tanjong Manis,1,YUSUF BIN ABDUL WAHAB,54,male,bumiputera,BARISAN NASIONAL (BN),11402,1,won
Sarawak,P.206 Tanjong Manis,2,FADILLAH SABALI,37,male,bumiputera,PARTI KEADILAN RAKYAT (PKR),2728,0,lost
Sarawak,P.207 Igan,1,HUD ANDRI,45,male,bumiputera,PARTI KEADILAN RAKYAT (PKR),2043,0,lost
Sarawak,P.207 Igan,2,AHMAD JOHNIE BIN ZAWAWI,55,male,bumiputera,BARISAN NASIONAL (BN),10538,1,won
Sarawak,P.208 Sarikei,1,WONG LING BIU,59,male,chinese,PARTI TINDAKAN DEMOKRATIK (DAP),16327,1,won
Sarawak,P.208 Sarikei,2,WONG CHIN KING,52,male,chinese,PARTI BUMI KENYALANG (PBK),392,0,lost_deposit
Sarawak,P.208 Sarikei,3,HUANG TIONG SII,49,male,chinese,BARISAN NASIONAL (BN),13757,0,lost
Sarawak,P.209 Julau,1,LARRY SOON @ LARRY SNG WEI SHIEN,38,male,chinese,BEBAS (BEBAS),10105,1,won
Sarawak,P.209 Julau,2,JOSEPH SALANG ANAK GANDUM,68,male,bumiputera,BARISAN NASIONAL (BN),8174,0,lost
Sarawak,P.210 Kanowit,1,SATU ANAK ANCHOM,44,male,bumiputera,PARTI KEADILAN RAKYAT (PKR),5240,0,lost
Sarawak,P.210 Kanowit,2,AARON AGO ANAK DAGANG,59,male,bumiputera,BARISAN NASIONAL (BN),9552,1,won
Sarawak,P.211 Lanang,1,ALICE LAU KIONG YIENG,36,female,chinese,PARTI TINDAKAN DEMOKRATIK (DAP),29905,1,won
Sarawak,P.211 Lanang,2,PRISCILLA LAU,49,female,chinese,PARTI RAKYAT GABUNGAN JAKSA PENDAMAI (PEACE),628,0,lost_deposit
Sarawak,P.211 Lanang,3,KONG SIEN CHIU,45,female,chinese,BARISAN NASIONAL (BN),15359,0,lost
Sarawak,P.212 Sibu,1,WONG KEE YEW,42,male,chinese,BARISAN NASIONAL (BN),22389,0,lost
Sarawak,P.212 Sibu,2,TIEW YEN HOUNG,47,female,chinese,PARTI RAKYAT GABUNGAN JAKSA PENDAMAI (PEACE),377,0,lost_deposit
Sarawak,P.212 Sibu,3,OSCAR LING CHAI YEW,40,male,chinese,PARTI TINDAKAN DEMOKRATIK (DAP),33811,1,won
Sarawak,P.212 Sibu,4,TIONG ING TUNG,50,male,chinese,PARTI REFORMASI NEGERI SARAWAK (STAR),176,0,lost_deposit
Sarawak,P.213 Mukah,1,HANIFAH HAJAR TAIB,45,female,bumiputera,BARISAN NASIONAL (BN),13853,1,won
Sarawak,P.213 Mukah,2,ABDUL JALIL BUJANG,59,male,bumiputera,PARTI KEADILAN RAKYAT (PKR),6853,0,lost
Sarawak,P.214 Selangau,1,RITA INSOL,57,female,bumiputera,BARISAN NASIONAL (BN),10742,0,lost
Sarawak,P.214 Selangau,2,BARU BIAN,59,male,bumiputera,PARTI KEADILAN RAKYAT (PKR),11228,1,won
Sarawak,P.215 Kapit,1,PAREN ANAK NYAWI,37,male,bumiputera,PARTI TINDAKAN DEMOKRATIK (DAP),3823,0,lost
Sarawak,P.215 Kapit,2,ALEXANDER NANTA LINGGI,59,male,bumiputera,BARISAN NASIONAL (BN),14302,1,won
Sarawak,P.216 Hulu Rajang,1,ABUN SUI ANYIT,45,male,bumiputera,PARTI KEADILAN RAKYAT (PKR),5519,0,lost
Sarawak,P.216 Hulu Rajang,2,WILSON UGAK ANAK KUMBONG,56,male,bumiputera,BARISAN NASIONAL (BN),11834,1,won
Sarawak,P.217 Bintulu,1,TIONG KING SING,56,male,chinese,BARISAN NASIONAL (BN),27076,1,won
Sarawak,P.217 Bintulu,2,CHIEW CHAN YEW,30,male,chinese,PARTI TINDAKAN DEMOKRATIK (DAP),20054,0,lost
Sarawak,P.217 Bintulu,3,CHIENG LEA PHING,56,male,chinese,PARTI REFORMASI NEGERI SARAWAK (STAR),328,0,lost_deposit
Sarawak,P.218 Sibuti,1,LUKANISMAN BIN AWANG SAUNI,36,male,bumiputera,BARISAN NASIONAL (BN),12214,1,won
Sarawak,P.218 Sibuti,2,ANAI ZULAI,49,male,bumiputera,PARTI ISLAM SE MALAYSIA (PAS),1617,0,lost_deposit
Sarawak,P.218 Sibuti,3,JEMAT PANJANG,59,male,bumiputera,PARTI KEADILAN RAKYAT (PKR),8538,0,lost
Sarawak,P.219 Miri,1,MICHAEL TEO YU KENG,70,male,chinese,PARTI KEADILAN RAKYAT (PKR),35739,1,won
Sarawak,P.219 Miri,2,SEBASTIAN TING CHIEW YEW,63,male,chinese,BARISAN NASIONAL (BN),22076,0,lost
Sarawak,P.220 Baram,1,ANYI NGAU,59,male,bumiputera,BARISAN NASIONAL (BN),12171,1,won
Sarawak,P.220 Baram,2,ROLAND ENGAN,45,male,bumiputera,PARTI KEADILAN RAKYAT (PKR),10181,0,lost
Sarawak,P.221 Limbang,1,RICARDO YAMPIL BABA,64,male,bumiputera,PARTI KEADILAN RAKYAT (PKR),4879,0,lost
Sarawak,P.221 Limbang,2,HASBI BIN HABIBOLLAH,55,male,bumiputera,BARISAN NASIONAL (BN),12589,1,won
Sarawak,P.222 Lawas,1,HENRY SUM AGONG,72,male,bumiputera,BARISAN NASIONAL (BN),10037,1,won
Sarawak,P.222 Lawas,2,DANNY PIRI,39,male,bumiputera,PARTI KEADILAN RAKYAT (PKR),4037,0,lost
Sarawak,P.222 Lawas,3,MOHAMMAD BIN BRAHIM,53,male,bumiputera,BEBAS (BEBAS),176,0,lost_deposit
