state,parlimen,dun,ballot_order_x,name,name_ballot,party,acronym,age,sex,ethnicity,ballot_order_y,votes,votes_perc,result
Kedah,P.004 Langkawi,N.01 Ayer Hangat,1,SHAMSILAH BINTI SIRU,SHAMSILAH BINTI SIRU,PERIKATAN NASIONAL,PN,49,female,malay,1,10701,47.30560099023032,won
Kedah,P.004 Langkawi,N.01 Ayer Hangat,2,SAFWAN HANIF BIN SHAFIE,SAFWAN HANIF,BEBAS,BEBAS,34,male,malay,2,6877,30.4009548649485,lost
Kedah,P.004 Langkawi,N.01 Ayer Hangat,3,HISHAM SUHAILY BINTI OTHMAN,HISHAM SUHAILY BINTI OTHMAN,BARISAN NASIONAL OF MALAYSIA,BN,46,female,malay,3,4909,21.701074223067064,lost
Kedah,P.004 Langkawi,N.01 Ayer Hangat,4,ZULFADLI BIN MOHD YUSOFF,ZULFADLI BIN MOHD YUSOFF,BEBAS,BEBAS,37,male,malay,4,134,0.5923699217541223,lost_deposit
Kedah,P.004 Langkawi,N.02 Kuah,1,AMAR PARED BIN MAHAMUD,AMAR PARED BIN MAHAMUD,PERIKATAN NASIONAL,PN,32,male,malay,1,13364,64.3397043955515,won
Kedah,P.004 Langkawi,N.02 Kuah,2,AHMAD FAUZI BIN CHIK,AHMAD FAUZI BIN CHIK,PAKATAN HARAPAN,PH,63,male,malay,2,5394,25.968898945645368,lost
Kedah,P.004 Langkawi,N.02 Kuah,3,MAZLAN BIN AHMAD,MAZLAN BIN AHMAD,BEBAS,BEBAS,67,male,malay,3,2013,9.69139665880314,lost_deposit
Kedah,P.005 Jerlun,N.03 Kota Siputeh,1,MOHD ASHRAF MUSTAQIM BIN BADRUL MUNIR,MOHD ASHRAF MUSTAQIM,PERIKATAN NASIONAL,PN,37,male,malay,1,17180,79.60337318135483,won
Kedah,P.005 Jerlun,N.03 Kota Siputeh,2,SALMEE BINTI SAID,DR SALMEE BINTI SAID,PAKATAN HARAPAN,PH,57,female,malay,2,4090,18.950977666573998,lost
Kedah,P.005 Jerlun,N.03 Kota Siputeh,3,ABDUL BIN RAMLI,ABDUL BIN RAMLI @ LATIF,BEBAS,BEBAS,53,male,malay,3,312,1.4456491520711705,lost_deposit
Kedah,P.005 Jerlun,N.04 Ayer Hitam,1,HAYAZI BIN AZIZAN,HAYAZI BIN AZIZAN,BARISAN NASIONAL OF MALAYSIA,BN,44,male,malay,1,6105,21.661994819572083,lost
Kedah,P.005 Jerlun,N.04 Ayer Hitam,2,AZHAR BIN IBRAHIM,CIKGU AZHAR,PERIKATAN NASIONAL,PN,59,male,malay,2,22078,78.33800518042791,won
Kedah,P.006 Kubang Pasu,N.05 Bukit Kayu Hitam,1,HALIMATON SHAADIAH BINTI SAAD,DATO' HAJAH HALIMATON SHAADIAH SAAD (KAK TON),PERIKATAN NASIONAL,PN,53,female,malay,1,24551,72.92087442081503,won
Kedah,P.006 Kubang Pasu,N.05 Bukit Kayu Hitam,2,ZAINOL @ ZAINOL ABIDIN BIN MOHAMAD,CIKGU NON,BARISAN NASIONAL OF MALAYSIA,BN,65,male,malay,2,9117,27.079125579184982,lost
Kedah,P.006 Kubang Pasu,N.06 Jitra,1,SABRINA BINTI AHMAD,SABRINA AHMAD,PAKATAN HARAPAN,PH,45,female,malay,1,11170,24.542977676217262,lost
Kedah,P.006 Kubang Pasu,N.06 Jitra,2,HAIM HILMAN BIN ABDULLAH,DR. HAIM HILMAN ABDULLAH (PROF. HAIM),PERIKATAN NASIONAL,PN,50,male,malay,2,34342,75.45702232378274,won
Kedah,P.007 Padang Terap,N.07 Kuala Nerang,1,RIDZWAN BIN ABU BAKAR,RIDZWAN ABU BAKAR,PAKATAN HARAPAN,PH,46,male,malay,1,4215,17.653710839336572,lost
Kedah,P.007 Padang Terap,N.07 Kuala Nerang,2,MOHAMAD YUSOFF BIN ZAKARIA,HJ. MUNIR,PERIKATAN NASIONAL,PN,59,male,malay,2,19661,82.34628916066343,won
Kedah,P.007 Padang Terap,N.08 Pedu,1,MOHD RADZI BIN MD AMIN,MOHD RADZI BIN MD AMIN,PERIKATAN NASIONAL,PN,53,male,malay,1,14397,64.21212256366799,won
Kedah,P.007 Padang Terap,N.08 Pedu,2,MAHDZIR BIN KHALID,MAHDZIR BIN KHALID,BARISAN NASIONAL OF MALAYSIA,BN,62,male,malay,2,8024,35.78787743633201,lost
Kedah,P.008 Pokok Sena,N.09 Bukit Lada,1,SAID ALI BIN SAID RASTAN,SAID ALI BIN SYED RASTAN,BARISAN NASIONAL OF MALAYSIA,BN,67,male,malay,1,6772,21.876918106929413,lost
Kedah,P.008 Pokok Sena,N.09 Bukit Lada,2,SALIM BIN MAHMOOD,USTAZ SALIM MAHMOOD AL-HAFIZ,PERIKATAN NASIONAL,PN,45,male,malay,2,24183,78.12308189307059,won
Kedah,P.008 Pokok Sena,N.10 Bukit Pinang,1,ROMANI BIN WAN SALIN,DATO' WAN ROMANI,PERIKATAN NASIONAL,PN,67,male,malay,1,23041,82.81873404981849,won
Kedah,P.008 Pokok Sena,N.10 Bukit Pinang,2,HADZIR BIN MD.ZAIN,DATO' HJ. HADZIR,PAKATAN HARAPAN,PH,66,male,malay,2,4780,17.18126595018152,lost
Kedah,P.008 Pokok Sena,N.11 Derga,1,TAN KOK YEW,TAN KOK YEW,PAKATAN HARAPAN,PH,56,male,chinese,1,10771,42.330516800943215,lost
Kedah,P.008 Pokok Sena,N.11 Derga,2,NOOR AZMAN BIN BASHARON @ CHE MAN,MAN BASIRON,BEBAS,BEBAS,58,male,malay,2,241,0.9471408921202594,lost_deposit
Kedah,P.008 Pokok Sena,N.11 Derga,3,MUHAMAD AMRI BIN WAHAB,MUHAMAD AMRI,PERIKATAN NASIONAL,PN,40,male,malay,3,14433,56.72234230693653,won
Kedah,P.009 Alor Setar,N.12 Suka Menanti,1,ZAMRI BIN YUSUF,DATO' ZAMRI YUSUF,PAKATAN HARAPAN,PH,57,male,malay,1,10151,35.55890286194697,lost
Kedah,P.009 Alor Setar,N.12 Suka Menanti,2,DZOWAHIR BIN AB GHANI,DZOWAHIR BIN AB GHANI,PERIKATAN NASIONAL,PN,66,male,malay,2,18396,64.44109713805304,won
Kedah,P.009 Alor Setar,N.13 Kota Darul Aman,1,CHUAH SEE SENG,CHUAH SEE SENG,PERIKATAN NASIONAL,PN,49,male,chinese,1,5528,33.08990781755058,lost
Kedah,P.009 Alor Setar,N.13 Kota Darul Aman,2,TEH SWEE LEONG,TEH SWEE LEONG,PAKATAN HARAPAN,PH,34,male,chinese,2,11178,66.91009218244942,won
Kedah,P.009 Alor Setar,N.14 Alor Mengkudu,1,MUHAMAD RADHI BIN MAT DIN,RADHI MAT DIN,PERIKATAN NASIONAL,PN,58,male,malay,1,18936,68.19360414866033,won
Kedah,P.009 Alor Setar,N.14 Alor Mengkudu,2,MAHFUZ BIN OMAR,DATO' WIRA MAHFUZ OMAR,PAKATAN HARAPAN,PH,65,male,malay,2,8832,31.80639585133967,lost
Kedah,P.010 Kuala Kedah,N.15 Anak Bukit,1,RASHIDI BIN RAZAK,RASHIDI BIN RAZAK,PERIKATAN NASIONAL,PN,58,male,malay,1,21738,78.63266413456321,won
Kedah,P.010 Kuala Kedah,N.15 Anak Bukit,2,NOOR HASITA BINTI MAT ISA,DATIN NOOR HASITA,BARISAN NASIONAL OF MALAYSIA,BN,55,female,malay,2,5907,21.367335865436786,lost
Kedah,P.010 Kuala Kedah,N.16 Kubang Rotan,1,MOHD ASMIRUL ANUAR BIN ARIS,ASMIRUL ANUAR BIN ARIS,PAKATAN HARAPAN,PH,46,male,malay,1,12165,34.64232828340358,lost
Kedah,P.010 Kuala Kedah,N.16 Kubang Rotan,2,MOHD SALLEH BIN SAIDIN,DATO' MOHD SALLEH BIN SAIDIN,PERIKATAN NASIONAL,PN,45,male,malay,2,22951,65.35767171659643,won
Kedah,P.010 Kuala Kedah,N.17 Pengkalan Kundor,1,MARDHIYYAH BINTI JOHARI,MARDHIYYAH JOHARI,PERIKATAN NASIONAL,PN,35,female,malay,1,22349,66.38448286104676,won
Kedah,P.010 Kuala Kedah,N.17 Pengkalan Kundor,2,ISMAIL BIN SALLEH,DATO' DR. ISMAIL SALLEH,PAKATAN HARAPAN,PH,59,male,malay,2,11317,33.61551713895325,lost
Kedah,P.011 Pendang,N.18 Tokai,1,MOHD HAYATI BIN OTHMAN,DATO' DR. MOHD HAYATI,PERIKATAN NASIONAL,PN,66,male,malay,1,29329,84.42672500647687,won
Kedah,P.011 Pendang,N.18 Tokai,2,ZAINAL ABIDIN BIN SAAD,ZAINAL ABIDIN SAAD,PAKATAN HARAPAN,PH,60,male,malay,2,5410,15.573274993523128,lost
Kedah,P.011 Pendang,N.19 Sungai Tiang,1,ABDUL RAZAK BIN KHAMIS,RAZAK KHAMIS,PERIKATAN NASIONAL,PN,63,male,malay,1,27154,72.97696793786449,won
Kedah,P.011 Pendang,N.19 Sungai Tiang,2,MOHAMAD FADZIL BIN ZOLKIPLI,MOHAMAD FADZIL,BARISAN NASIONAL OF MALAYSIA,BN,45,male,malay,2,10055,27.023032062135506,lost
Kedah,P.012 Jerai,N.20 Sungai Limau,1,MOHD AZAM BIN ABD SAMAT,USTAZ MOHD AZAM BIN ABD SAMAT,PERIKATAN NASIONAL,PN,47,male,malay,1,23000,84.88337762031296,won
Kedah,P.012 Jerai,N.20 Sungai Limau,2,SITI BALKHIS BINTI HUSAIN,SITI BALKHIS BINTI HUSAIN,PAKATAN HARAPAN,PH,47,female,malay,2,4096,15.116622379687039,lost
Kedah,P.012 Jerai,N.21 Guar Chempedak,1,KU ABDUL HALIM BIN KU ISMAIL,CIKGU KU ABDUL HALIM,BEBAS,BEBAS,65,male,malay,1,176,0.7787955219257489,lost_deposit
Kedah,P.012 Jerai,N.21 Guar Chempedak,2,ABDUL PARIS BIN ABDUL HAMID,ABDUL PARIS BIN ABDUL HAMID (PARIS),BARISAN NASIONAL OF MALAYSIA,BN,55,male,malay,2,5157,22.819593787335723,lost
Kedah,P.012 Jerai,N.21 Guar Chempedak,3,ABDUL GHAFAR BIN SAAD,ABDUL GHAFAR SAAD,PERIKATAN NASIONAL,PN,58,male,malay,3,17266,76.40161069073854,won
Kedah,P.012 Jerai,N.22 Gurun,1,MOHAMMED FIRDAUS BIN JOHARI,FIRDAUS JOHARI,PAKATAN HARAPAN,PH,39,male,malay,1,11187,38.63181158919815,lost
Kedah,P.012 Jerai,N.22 Gurun,2,BADDROL BIN BAKHTIAR,BADDROL BIN BAKHTIAR,PERIKATAN NASIONAL,PN,35,male,malay,2,17771,61.36818841080185,won
Kedah,P.013 Sik,N.23 Belantek,1,MAZLI BINTI SAIPI,MAZLI BINTI SAIPI,PAKATAN HARAPAN,PH,58,female,malay,1,3626,16.937593423019432,lost
Kedah,P.013 Sik,N.23 Belantek,2,AHMAD BIN SULAIMAN,HAJI AHMAD SULAIMAN,PERIKATAN NASIONAL,PN,63,male,malay,2,17782,83.06240657698056,won
Kedah,P.013 Sik,N.24 Jeneri,1,MUHAMAD KHIZRI BIN ABU KASSIM,DATO' MUHAMAD KHIZRI BIN ABU KASSIM,BARISAN NASIONAL OF MALAYSIA,BN,45,male,malay,1,5773,20.919698507030006,lost
Kedah,P.013 Sik,N.24 Jeneri,2,MUHAMMAD SANUSI BIN MD NOR,MUHAMMAD SANUSI BIN MD NOR,PERIKATAN NASIONAL,PN,49,male,malay,2,21823,79.08030149297,won
Kedah,P.014 Merbok,N.25 Bukit Selambau,1,AZIZAN BIN HAMZAH,USTAZ AZIZAN BIN HAMZAH,PERIKATAN NASIONAL,PN,67,male,malay,1,33508,60.129921401141296,won
Kedah,P.014 Merbok,N.25 Bukit Selambau,2,DINESH A/L MUNIANDY,DINESH A/L MUNIANDY,BEBAS,BEBAS,30,male,indian,2,375,0.6729354340882173,lost_deposit
Kedah,P.014 Merbok,N.25 Bukit Selambau,3,SUMMUGAM A/L RENGASAMY,SUMMUGAM RENGASAMY,PAKATAN HARAPAN,PH,63,male,indian,3,21843,39.19714316477048,lost
Kedah,P.014 Merbok,N.26 Tanjong Dawai,1,SHAIFUL HAZIZY BIN ZAINOL ABIDIN,DATO' SHAIFUL HAZIZY (TOK PON),BARISAN NASIONAL OF MALAYSIA,BN,47,male,malay,1,9591,23.06249549137952,lost
Kedah,P.014 Merbok,N.26 Tanjong Dawai,2,HANIF BIN GHAZALI,USTAZ HANIF BIN GHAZALI,PERIKATAN NASIONAL,PN,50,male,malay,2,31996,76.93750450862048,won
Kedah,P.015 Sungai Petani,N.27 Pantai Merdeka,1,SHARIR BIN LONG,USTAZ SHARIR LONG,PERIKATAN NASIONAL,PN,68,male,malay,1,32225,79.06229299050517,won
Kedah,P.015 Sungai Petani,N.27 Pantai Merdeka,2,WAN MOHALINA BINTI WAN MOHAMMAD,KAK WAN MOHALINA,BARISAN NASIONAL OF MALAYSIA,BN,53,female,malay,2,8534,20.937707009494837,lost
Kedah,P.015 Sungai Petani,N.28 Bakar Arang,1,LOH WEI CHAI,ADAM LOH,PAKATAN HARAPAN,PH,35,male,chinese,1,21889,54.40558745308578,won
Kedah,P.015 Sungai Petani,N.28 Bakar Arang,2,TAN KEE CHYE,TAN KEE CHYE,PARTI RAKYAT MALAYSIA,PRM,67,male,chinese,2,138,0.3430020132726866,lost_deposit
Kedah,P.015 Sungai Petani,N.28 Bakar Arang,3,TAI KUANG TEE,RAYMOND TAI KUANG TEE,PERIKATAN NASIONAL,PN,44,male,chinese,3,18206,45.25141053364154,lost
Kedah,P.015 Sungai Petani,N.29 Sidam,1,JULIANA BINTI ABDUL GHANI,JULIANA ABDUL GHANI,PERIKATAN NASIONAL,PN,48,female,malay,1,20905,48.884575811430174,lost
Kedah,P.015 Sungai Petani,N.29 Sidam,2,BAU WONG A/L BAU EK,BAU WONG,PAKATAN HARAPAN,PH,56,male,indian,2,21859,51.115424188569826,won
Kedah,P.016 Baling,N.30 Bayu,1,MOHD TAUFIK BIN YAACOB,MOHD TAUFIK BIN YAACOB,PERIKATAN NASIONAL,PN,54,male,malay,1,27287,73.76459775086505,won
Kedah,P.016 Baling,N.30 Bayu,2,ISHAK BIN MAT,DATO' ISHAK BIN MAT,BARISAN NASIONAL OF MALAYSIA,BN,61,male,malay,2,9705,26.23540224913495,lost
Kedah,P.016 Baling,N.31 Kupang,1,MUHAMMAD SUHAIMI BIN HAMZAH,SUHAIMI HAMZAH,PAKATAN HARAPAN,PH,42,male,malay,1,7091,21.194368891412857,lost
Kedah,P.016 Baling,N.31 Kupang,2,NAJMI BIN HJ AHMAD,DATO' NAJMI BIN HAJI AHMAD,PERIKATAN NASIONAL,PN,72,male,malay,2,26366,78.80563110858714,won
Kedah,P.016 Baling,N.32 Kuala Ketil,1,MANSOR BIN ZAKARIA,MEJ (B) MANSOR BIN ZAKARIA,PERIKATAN NASIONAL,PN,54,male,malay,1,24872,74.96307905602941,won
Kedah,P.016 Baling,N.32 Kuala Ketil,2,SURIATI BINTI CHE MID,SURIATI BINTI CHE MID,BARISAN NASIONAL OF MALAYSIA,BN,43,female,malay,2,8307,25.036920943970586,lost
Kedah,P.017 Padang Serai,N.33 Merbau Pulas,1,ASMADI BIN ABU TALIB,DATO' CHEGU MADI,BARISAN NASIONAL OF MALAYSIA,BN,54,male,malay,1,10634,26.22247429290065,lost
Kedah,P.017 Padang Serai,N.33 Merbau Pulas,2,SITI ASHAH BINTI GHAZALI,DATO' USTAZAH SITI ASHAH,PERIKATAN NASIONAL,PN,60,female,malay,2,29919,73.77752570709936,won
Kedah,P.017 Padang Serai,N.34 Lunas,1,SHAMSUL ANUAR BIN ABDULLAH,CIKGU SHAMSUL,PAKATAN HARAPAN,PH,63,male,malay,1,27054,45.453629032258064,lost
Kedah,P.017 Padang Serai,N.34 Lunas,2,KHAIRUL ANUAR BIN RAMLI,KHAIRUL ANUAR BIN RAMLI,PERIKATAN NASIONAL,PN,41,male,malay,2,31537,52.98555107526882,won
Kedah,P.017 Padang Serai,N.34 Lunas,3,RAJENDARAN A/L NADARAJAN,RAJENDARAN A/L NADARAJAN,BEBAS,BEBAS,61,male,indian,3,364,0.6115591397849462,lost_deposit
Kedah,P.017 Padang Serai,N.34 Lunas,4,PANNIR SELVAM A/L S SUPPIAH,PANNIR SELVAM A/L S SUPPIAH,BEBAS,BEBAS,56,male,indian,4,148,0.24865591397849462,lost_deposit
Kedah,P.017 Padang Serai,N.34 Lunas,5,ARICHINDAREM A/L SINAPPAYEN,ARI,BEBAS,BEBAS,63,male,indian,5,417,0.7006048387096774,lost_deposit
Kedah,P.018 Kulim-Bandar Baharu,N.35 Kulim,1,TEH LEAN ONG,AWANG TEH,PAKATAN HARAPAN,PH,46,male,chinese,1,15536,40.0267944556088,lost
Kedah,P.018 Kulim-Bandar Baharu,N.35 Kulim,2,WONG CHIA ZHEN,WONG CHIA ZHEN,PERIKATAN NASIONAL,PN,38,male,chinese,2,23278,59.97320554439119,won
Kedah,P.018 Kulim-Bandar Baharu,N.36 Bandar Baharu,1,MOHD SUFFIAN BIN YUSOFF,PROF. DR. SUFFIAN HAJI YUSOFF,PERIKATAN NASIONAL,PN,54,male,malay,1,19327,71.37792222181187,won
Kedah,P.018 Kulim-Bandar Baharu,N.36 Bandar Baharu,2,NURAINI BINTI YUSOFF,NURAINI BINTI YUSOFF (NONI),BARISAN NASIONAL OF MALAYSIA,BN,35,female,malay,2,7750,28.62207777818813,lost
Kelantan,P.019 Tumpat,N.01 Pengkalan Kubor,1,ZULKIFLI BIN ABDULLAH,DATUK ZULKIFLI TOK KRAWAT,BARISAN NASIONAL OF MALAYSIA,BN,59,male,malay,1,8003,36.3013698630137,lost
Kelantan,P.019 Tumpat,N.01 Pengkalan Kubor,2,WAN ROSLAN BIN WAN HAMAT,USTAZ LAN,PARTI ISLAM SE MALAYSIA,PAS,57,male,malay,2,14043,63.6986301369863,won
Kelantan,P.019 Tumpat,N.02 Kelaboran,1,MOHD ADANAN BIN HASSAN,CIKGU NAN,PARTI ISLAM SE MALAYSIA,PAS,68,male,malay,1,15890,70.9121742234916,won
Kelantan,P.019 Tumpat,N.02 Kelaboran,2,MOHD ROSDI BIN RAZALI,ROSDI RAZALI (RR24),BARISAN NASIONAL OF MALAYSIA,BN,39,male,malay,2,6518,29.087825776508392,lost
Kelantan,P.019 Tumpat,N.03 Pasir Pekan,1,MOHAMAD ZAMAKH SARI BIN IBRAHIM,ZAMAKH SARI HJ. HIM,PAKATAN HARAPAN,PH,51,male,malay,1,5972,24.124419309230458,lost
Kelantan,P.019 Tumpat,N.03 Pasir Pekan,2,AHMAD BIN YAKOB,DATO' USTAZ MAD,PARTI ISLAM SE MALAYSIA,PAS,73,male,malay,2,18783,75.87558069076954,won
Kelantan,P.019 Tumpat,N.04 Wakaf Bharu,1,ABDUL MANNAN BIN MD SAID,ABE NAN,BARISAN NASIONAL OF MALAYSIA,BN,44,male,malay,1,7395,32.268621547322944,lost
Kelantan,P.019 Tumpat,N.04 Wakaf Bharu,2,MOHD RUSLI BIN ABDULLAH,HJ MOHD RUSLI,PARTI ISLAM SE MALAYSIA,PAS,52,male,malay,2,15522,67.73137845267705,won
Kelantan,P.020 Pengkalan Chepa,N.05 Kijang,1,IZANI BIN HUSIN,DR. IZANI,PARTI ISLAM SE MALAYSIA,PAS,60,male,malay,1,14552,75.80745988747655,won
Kelantan,P.020 Pengkalan Chepa,N.05 Kijang,2,HARIS BIN HUSSIN,HARIS HUSSIN,BARISAN NASIONAL OF MALAYSIA,BN,47,male,malay,2,4644,24.192540112523442,lost
Kelantan,P.020 Pengkalan Chepa,N.06 Chempaka,1,NIK NORMI BINTI NIK AYUB,NIK NORMI,BARISAN NASIONAL OF MALAYSIA,BN,50,female,malay,1,5504,24.499243300988162,lost
Kelantan,P.020 Pengkalan Chepa,N.06 Chempaka,2,NIK ASMA'BAHRUM BIN NIK ABDULLAH,NIK BAHRUM,PARTI ISLAM SE MALAYSIA,PAS,50,male,malay,2,16728,74.45918276506721,won
Kelantan,P.020 Pengkalan Chepa,N.06 Chempaka,3,IBRAHIM BIN SULONG,TOK GAWA HJ. HIM / ABE LI TOK GAWA,BEBAS,BEBAS,70,male,malay,3,234,1.0415739339446275,lost_deposit
Kelantan,P.020 Pengkalan Chepa,N.07 Panchor,1,MOHD AMAR BIN ABDULLAH,DATO' NIK AMAR,PARTI ISLAM SE MALAYSIA,PAS,64,male,malay,1,18700,70.00074867110878,won
Kelantan,P.020 Pengkalan Chepa,N.07 Panchor,2,SYED MOHD ALIDUSTUR BIN SYED MOHD ZAIN,SYED MOHD ALIDUSTUR BIN SYED MOHD ZAIN,PAKATAN HARAPAN,PH,50,male,malay,2,8014,29.99925132889122,lost
Kelantan,P.021 Kota Bharu,N.08 Tanjong Mas,1,ROHANI BINTI IBRAHIM,KAK ANI,PARTI ISLAM SE MALAYSIA,PAS,58,female,malay,1,17529,66.2346495371245,won
Kelantan,P.021 Kota Bharu,N.08 Tanjong Mas,2,ZINDA KHALIL SASTRO BIN HASSAN,ZINDA KHALIL,PAKATAN HARAPAN,PH,47,male,malay,2,8936,33.765350462875496,lost
Kelantan,P.021 Kota Bharu,N.09 Kota Lama,1,HAFIDZAH BINTI HAJI MUSTAKIM,DR HAFIDZAH,PAKATAN HARAPAN,PH,59,female,malay,1,9691,49.97679335774328,won
Kelantan,P.021 Kota Bharu,N.09 Kota Lama,2,IZAT BUKHARY BIN ISMAIL BUKHARY,IZAT BUKHARY,BEBAS,BEBAS,56,male,malay,2,85,0.43834768707132177,lost_deposit
Kelantan,P.021 Kota Bharu,N.09 Kota Lama,3,TAN BOON KIAN,ANDY TAN @ AWANG,PARTI RAKYAT MALAYSIA,PRM,55,male,chinese,3,126,0.6497859831880769,lost_deposit
Kelantan,P.021 Kota Bharu,N.09 Kota Lama,4,ZAMRI BIN ISMAIL,DATO'  ZAMRI,PARTI ISLAM SE MALAYSIA,PAS,61,male,malay,4,9489,48.935072971997315,lost
Kelantan,P.021 Kota Bharu,N.10 Bunut Payong,1,MOHAMED HASNAN BIN CHE HUSSIN,DATUK MOHAMED HASNAN BIN CHE HUSSIN,BARISAN NASIONAL OF MALAYSIA,BN,65,male,malay,1,8277,37.34434217650244,lost
Kelantan,P.021 Kota Bharu,N.10 Bunut Payong,2,SHAARI BIN MAT YAMAN,SHAARI,PARTI ISLAM SE MALAYSIA,PAS,58,male,malay,2,13887,62.65565782349757,won
Kelantan,P.022 Pasir Mas,N.11 Tendong,1,SUZAINAL ADNAN BIN SUKRI,TOK NAN,BEBAS,BEBAS,43,male,malay,1,1086,5.440881763527054,lost_deposit
Kelantan,P.022 Pasir Mas,N.11 Tendong,2,ROZI BIN MUHAMAD,ROZI MUHAMAD,PARTI ISLAM SE MALAYSIA,PAS,51,male,malay,2,12360,61.923847695390776,won
Kelantan,P.022 Pasir Mas,N.11 Tendong,3,NOOR HARIRI BIN MOHAMED NOOR,ABE HARIRI,BARISAN NASIONAL OF MALAYSIA,BN,43,male,malay,3,6514,32.635270541082164,lost
Kelantan,P.022 Pasir Mas,N.12 Pengkalan Pasir,1,RUSHDAN BIN MUSTAFA,HJ RUSHDAN,PAKATAN HARAPAN,PH,59,male,malay,1,5416,29.286757151354564,lost
Kelantan,P.022 Pasir Mas,N.12 Pengkalan Pasir,2,MOHAMAD NASRIFF BIN DAUD @ DAUD YATIMEE,HAJI NASRIFF DAUD YATIMEE,PARTI ISLAM SE MALAYSIA,PAS,57,male,malay,2,13077,70.71324284864544,won
Kelantan,P.022 Pasir Mas,N.13 Meranti,1,ZAHRI BIN OMAR,TOK GAWA ZAHRI,BARISAN NASIONAL OF MALAYSIA,BN,57,male,malay,1,4106,23.64390187723137,lost
Kelantan,P.022 Pasir Mas,N.13 Meranti,2,MOHD NASSURUDDIN BIN HAJI DAUD,DATO' US. HJ. NASSURUDDIN,PARTI ISLAM SE MALAYSIA,PAS,57,male,malay,2,13260,76.35609812276863,won
Kelantan,P.023 Rantau Panjang,N.14 Chetok,1,ZURAIDIN BIN ABDULLAH,HAJI ZURAIDIN ABDULLAH,PARTI ISLAM SE MALAYSIA,PAS,54,male,malay,1,12202,74.37976226760135,won
Kelantan,P.023 Rantau Panjang,N.14 Chetok,2,MOHAMAD EZZAT ZAHRIM BIN MOHD HANUZI,EZZAT HANUZI,PAKATAN HARAPAN,PH,33,male,malay,2,4203,25.62023773239866,lost
Kelantan,P.023 Rantau Panjang,N.15 Gual Periok,1,ANUAR BIN MOHAMAD,ABE WA,BARISAN NASIONAL OF MALAYSIA,BN,44,male,malay,1,6448,35.812274368231044,lost
Kelantan,P.023 Rantau Panjang,N.15 Gual Periok,2,KAMARUZAMAN BIN MOHAMAD,KAMARUZAMAN,PARTI ISLAM SE MALAYSIA,PAS,50,male,malay,2,11557,64.18772563176896,won
Kelantan,P.023 Rantau Panjang,N.16 Apam Putra,1,AKBAR BIN SALIM,DATUK AKBAR,BARISAN NASIONAL OF MALAYSIA,BN,46,male,malay,1,6747,38.88088514954187,lost
Kelantan,P.023 Rantau Panjang,N.16 Apam Putra,2,ZAMAKHSHARI BIN MUHAMAD,ABE ZAM,PARTI ISLAM SE MALAYSIA,PAS,52,male,malay,2,10606,61.11911485045813,won
Kelantan,P.024 Kubang Kerian,N.17 Salor,1,SAIZOL BIN ISMAIL,ABE JOE,PARTI ISLAM SE MALAYSIA,PAS,43,male,malay,1,15893,71.1860610946878,won
Kelantan,P.024 Kubang Kerian,N.17 Salor,2,MOHAMAD BIN HUSAIN,ADIK MAD,BARISAN NASIONAL OF MALAYSIA,BN,39,male,malay,2,6433,28.81393890531219,lost
Kelantan,P.024 Kubang Kerian,N.18 Pasir Tumboh,1,ABD RAHMAN BIN YUNUS,USTAZ ABD RAHMAN,PARTI ISLAM SE MALAYSIA,PAS,60,male,malay,1,17814,76.60617528167197,won
Kelantan,P.024 Kubang Kerian,N.18 Pasir Tumboh,2,NAZIRATUL AINI BINTI MUHAMAD SAYUTY,AINA SAYUTY,PAKATAN HARAPAN,PH,37,female,malay,2,5440,23.39382471832803,lost
Kelantan,P.024 Kubang Kerian,N.19 Demit,1,MOHD ASRI BIN MAT DAUD,USTAZ ASRI,PARTI ISLAM SE MALAYSIA,PAS,46,male,malay,1,18683,75.39243775473145,won
Kelantan,P.024 Kubang Kerian,N.19 Demit,2,ISMAIL BIN GHANI,TOK WEIL,PAKATAN HARAPAN,PH,69,male,malay,2,6098,24.607562245268554,lost
Kelantan,P.025 Bachok,N.20 Tawang,1,HARUN BIN ISMAIL,USTAZ HARUN,PARTI ISLAM SE MALAYSIA,PAS,52,male,malay,1,21665,79.219686997221,won
Kelantan,P.025 Bachok,N.20 Tawang,2,CHE MAT ISA BIN CHE DIR,CHE MAT,PAKATAN HARAPAN,PH,71,male,malay,2,5683,20.780313002778996,lost
Kelantan,P.025 Bachok,N.21 Pantai Irama,1,ZAKIAH BINTI MD NOOR,KAK YAH,BARISAN NASIONAL OF MALAYSIA,BN,63,female,malay,1,7330,29.192719741925206,lost
Kelantan,P.025 Bachok,N.21 Pantai Irama,2,MOHD HUZAIMY BIN CHE HUSIN,HAJI MIE,PARTI ISLAM SE MALAYSIA,PAS,58,male,malay,2,17779,70.80728025807478,won
Kelantan,P.025 Bachok,N.22 Jelawat,1,YUSRI BIN CHE NOH,DATO' YUSRI,BARISAN NASIONAL OF MALAYSIA,BN,51,male,malay,1,7277,29.776177421334754,lost
Kelantan,P.025 Bachok,N.22 Jelawat,2,ZAMERI BIN MAT NAWANG,LOYAR ZAMERI,PARTI ISLAM SE MALAYSIA,PAS,53,male,malay,2,16885,69.0903883137608,won
Kelantan,P.025 Bachok,N.22 Jelawat,3,ZULKARNAIN BIN HARON,BABA ZUL,BEBAS,BEBAS,62,male,malay,3,277,1.133434264904456,lost_deposit
Kelantan,P.026 Ketereh,N.23 Melor,1,WAN ROHIMI BIN WAN DAUD,WAN ROHIMI,PARTI ISLAM SE MALAYSIA,PAS,47,male,malay,1,12688,70.12656828607749,won
Kelantan,P.026 Ketereh,N.23 Melor,2,AZMI BIN ISHAK,CIKGU HJ. AZMI,BARISAN NASIONAL OF MALAYSIA,BN,62,male,malay,2,5405,29.87343171392251,lost
Kelantan,P.026 Ketereh,N.24 Kadok,1,MOHD AZIZAN BIN ABDUL RAZAK @ RAJAB,IR AZIZAN RAZAK,PAKATAN HARAPAN,PH,51,male,malay,1,3307,24.052658375154557,lost
Kelantan,P.026 Ketereh,N.24 Kadok,2,AZAMI BIN HJ MOHD NOR,DATO' AZAMI,PARTI ISLAM SE MALAYSIA,PAS,65,male,malay,2,10442,75.94734162484545,won
Kelantan,P.026 Ketereh,N.25 Kok Lanas,1,AHMAD BIN DERAMAN,AHMAD DERAMAN (ABE MAT JELIRA),BARISAN NASIONAL OF MALAYSIA,BN,56,male,malay,1,7259,31.925935699520608,lost
Kelantan,P.026 Ketereh,N.25 Kok Lanas,2,MOHAMED FARID BIN MOHAMED ZAWAWI,DATO' FARID,PARTI ISLAM SE MALAYSIA,PAS,56,male,malay,2,15478,68.07406430047939,won
Kelantan,P.027 Tanah Merah,N.26 Bukit Panau,1,ABDUL FATTAH BIN HAJI MAHMOOD,DATO' ABDUL FATTAH,PARTI ISLAM SE MALAYSIA,PAS,59,male,malay,1,22582,79.13512755817213,won
Kelantan,P.027 Tanah Merah,N.26 Bukit Panau,2,SAMSU ADABI BIN MAMAT,DATO' DR. SAMSUL ADABI,PAKATAN HARAPAN,PH,54,male,malay,2,5954,20.864872441827867,lost
Kelantan,P.027 Tanah Merah,N.27 Gual Ipoh,1,BAHARI BIN MOHAMAD NOR,BAHARI,PARTI ISLAM SE MALAYSIA,PAS,55,male,malay,1,10320,70.26143790849673,won
Kelantan,P.027 Tanah Merah,N.27 Gual Ipoh,2,ZUHAIRI BIN ZAKARIA,ZUHAIRI (JERI),BARISAN NASIONAL OF MALAYSIA,BN,32,male,malay,2,4368,29.73856209150327,lost
Kelantan,P.027 Tanah Merah,N.28 Kemahang,1,MAZLI BIN MUSTAFA,MAZLI (ABE JEK),BARISAN NASIONAL OF MALAYSIA,BN,55,male,malay,1,3064,22.799315425254854,lost
Kelantan,P.027 Tanah Merah,N.28 Kemahang,2,MD ANIZAM BIN AB RAHMAN,DATO' MEJAR(B) NIZAM,PARTI ISLAM SE MALAYSIA,PAS,69,male,malay,2,10375,77.20068457474515,won
Kelantan,P.028 Pasir Puteh,N.29 Selising,1,HASHIM BIN ISMAIL,DATO' CIKGU HASHIM,BARISAN NASIONAL OF MALAYSIA,BN,57,male,malay,1,5578,30.887646049061413,lost
Kelantan,P.028 Pasir Puteh,N.29 Selising,2,TUAN MOHD SARIPUDIN BIN TUAN ISMAIL,UST TUAN SARIPUDIN,PARTI ISLAM SE MALAYSIA,PAS,51,male,malay,2,12481,69.11235395093858,won
Kelantan,P.028 Pasir Puteh,N.30 Limbongan,1,NOR ASILAH BINTI MOHAMED ZIN,USTAZAH ASILAH,PARTI ISLAM SE MALAYSIA,PAS,50,female,malay,1,15183,73.04435677860099,won
Kelantan,P.028 Pasir Puteh,N.30 Limbongan,2,KAMARUDDIN BIN MAT ZIN,CIKGU DIN,PAKATAN HARAPAN,PH,57,male,malay,2,5603,26.95564322139902,lost
Kelantan,P.028 Pasir Puteh,N.31 Semerak,1,NOR SHAM BIN SULAIMAN,NORSHAM CIKGU ABANG,PARTI ISLAM SE MALAYSIA,PAS,58,male,malay,1,11531,66.90843681095508,won
Kelantan,P.028 Pasir Puteh,N.31 Semerak,2,MARSHELA BINTI ALI,SHELA CIKGU ALI GOLOK,BARISAN NASIONAL OF MALAYSIA,BN,41,female,malay,2,5703,33.09156318904491,lost
Kelantan,P.028 Pasir Puteh,N.32 Gaal,1,MOHD RODZI BIN JA'AFAR,USTAZ RODZI,PARTI ISLAM SE MALAYSIA,PAS,55,male,malay,1,10388,72.64843695363312,won
Kelantan,P.028 Pasir Puteh,N.32 Gaal,2,MOHD ALIFF NASROL BIN MAT NASIN,ALIF,BARISAN NASIONAL OF MALAYSIA,BN,36,male,malay,2,3911,27.351563046366877,lost
Kelantan,P.029 Machang,N.33 Pulai Chondong,1,AZHAR BIN SALLEH,USTAZ AZHAR,PARTI ISLAM SE MALAYSIA,PAS,56,male,malay,1,11636,67.5137800986365,won
Kelantan,P.029 Machang,N.33 Pulai Chondong,2,MUHAMMAD FAKHRAN BIN CHE JUSOH @ YUSOFF,FAKHRAN,BARISAN NASIONAL OF MALAYSIA,BN,26,male,malay,2,5599,32.486219901363505,lost
Kelantan,P.029 Machang,N.34 Temangan,1,FAUZI BIN SEMAN,PAK TUA FAUZI,BEBAS,BEBAS,60,male,malay,1,212,1.3568,lost_deposit
Kelantan,P.029 Machang,N.34 Temangan,2,ABDUL KADIR BIN HJ OTHMAN,CIKGU KADIR,PAKATAN HARAPAN,PH,61,male,malay,2,3967,25.3888,lost
Kelantan,P.029 Machang,N.34 Temangan,3,MOHAMED FADZLI BIN HASSAN,DATO' DR. FADZLI HASSAN,PARTI ISLAM SE MALAYSIA,PAS,55,male,malay,3,11446,73.2544,won
Kelantan,P.029 Machang,N.35 Kemuning,1,MOHD FAKAARUDDIN BIN ISMAIL,ABE FAKARUDIN,BARISAN NASIONAL OF MALAYSIA,BN,43,male,malay,1,7481,36.229357353867016,lost
Kelantan,P.029 Machang,N.35 Kemuning,2,AHMAD ZAKHRAN BIN MAT NOOR,LAWYER ZAKHRAN,PARTI ISLAM SE MALAYSIA,PAS,40,male,malay,2,13168,63.77064264613298,won
Kelantan,P.030 Jeli,N.36 Bukit Bunga,1,MOHD ALMIDI BIN JAAFAR,ALMIDI,PARTI ISLAM SE MALAYSIA,PAS,47,male,malay,1,8540,66.05816831683168,won
Kelantan,P.030 Jeli,N.36 Bukit Bunga,2,MOHD ADHAN BIN KECHIK,DATO ADHAN,BARISAN NASIONAL OF MALAYSIA,BN,68,male,malay,2,4388,33.94183168316832,lost
Kelantan,P.030 Jeli,N.37 Air Lanas,1,KAMARUDIN BIN MD NOR,DATUK KAMARUDIN,PARTI ISLAM SE MALAYSIA,PAS,76,male,malay,1,9535,67.81167769006473,won
Kelantan,P.030 Jeli,N.37 Air Lanas,2,NASRUL HADI BIN KAMARUZAMAN,NH NASRUL HADI,BARISAN NASIONAL OF MALAYSIA,BN,42,male,malay,2,4526,32.18832230993528,lost
Kelantan,P.030 Jeli,N.38 Kuala Balah,1,ABDUL HADI BIN AWANG KECHIL,DATO ' HADI,PARTI ISLAM SE MALAYSIA,PAS,69,male,malay,1,6186,63.309794289223206,won
Kelantan,P.030 Jeli,N.38 Kuala Balah,2,MUHAMMAD YAMIN ANUAR BIN MAT ZIN,YAMIN ANUAR,BARISAN NASIONAL OF MALAYSIA,BN,37,male,malay,2,3585,36.690205710776794,lost
Kelantan,P.031 Kuala Krai,N.39 Mengkebang,1,MOHD SHUKRI BIN ISHAK,ABE YIE,PAKATAN HARAPAN,PH,64,male,malay,1,3404,21.361782240351427,lost
Kelantan,P.031 Kuala Krai,N.39 Mengkebang,2,ZUBIR BIN ABU BAKAR,HAJI ZUBIR,PARTI ISLAM SE MALAYSIA,PAS,50,male,malay,2,12531,78.63821775964858,won
Kelantan,P.031 Kuala Krai,N.40 Guchil,1,ZUBER BIN HASSAN,DR ZUBER,BARISAN NASIONAL OF MALAYSIA,BN,61,male,malay,1,4532,29.509050657637715,lost
Kelantan,P.031 Kuala Krai,N.40 Guchil,2,HILMI BIN ABDULLAH,LAWYER MIE,PARTI ISLAM SE MALAYSIA,PAS,46,male,malay,2,10826,70.49094934236228,won
Kelantan,P.031 Kuala Krai,N.41 Manek Urai,1,MOHD FAUZI BIN ABDULLAH,ABE UJI,PARTI ISLAM SE MALAYSIA,PAS,63,male,malay,1,10355,78.32829046898638,won
Kelantan,P.031 Kuala Krai,N.41 Manek Urai,2,SUZAINI ADLINA BINTI SUKRI,CHE NIE,BARISAN NASIONAL OF MALAYSIA,BN,50,female,malay,2,2865,21.671709531013615,lost
Kelantan,P.031 Kuala Krai,N.42 Dabong,1,KU MOHD ZAKI BIN KU HUSSIN,TOK IME KU ZAKI,PARTI ISLAM SE MALAYSIA,PAS,50,male,malay,1,5772,63.44251483842602,won
Kelantan,P.031 Kuala Krai,N.42 Dabong,2,AHMAD FIRDAUS BIN MUHAMMAD,ABE FIRDAUS,BARISAN NASIONAL OF MALAYSIA,BN,41,male,malay,2,3326,36.55748516157397,lost
Kelantan,P.032 Gua Musang,N.43 Nenggiri,1,AB AZIZ BIN YUSOFF,AB AZIZ BIN YUSOFF,BARISAN NASIONAL OF MALAYSIA,BN,62,male,malay,1,5707,46.68684554973822,lost
Kelantan,P.032 Gua Musang,N.43 Nenggiri,2,MOHD AZIZI BIN ABU NAIM,MOHD AZIZI ABU NAIM,PARTI ISLAM SE MALAYSIA,PAS,51,male,malay,2,6517,53.31315445026178,won
Kelantan,P.032 Gua Musang,N.44 Paloh,1,SHAARI BIN MAT HUSSAIN,DATO SHAARI,PARTI ISLAM SE MALAYSIA,PAS,61,male,malay,1,7407,58.743754461099215,won
Kelantan,P.032 Gua Musang,N.44 Paloh,2,AMRAN BIN ARIFIN,AMRAN ARIFIN,BARISAN NASIONAL OF MALAYSIA,BN,45,male,malay,2,5202,41.256245538900785,lost
Kelantan,P.032 Gua Musang,N.45 Galas,1,MOHD TARMIZI BIN ABD RAHMAN,USTAZ JI,PARTI ISLAM SE MALAYSIA,PAS,45,male,malay,1,7405,40.80564280597344,lost
Kelantan,P.032 Gua Musang,N.45 Galas,2,MOHD SYAHBUDDIN BIN HASHIM,ABE DIN,BARISAN NASIONAL OF MALAYSIA,BN,42,male,malay,2,10742,59.19435719402656,won
Terengganu,P.033 Besut,N.01 Kuala Besut,1,TENGKU ZAIHAN BIN CHE KU ABD RAHMAN,TENGKU ZAIHAN,BARISAN NASIONAL OF MALAYSIA,BN,47,male,malay,1,7377,39.08758543951677,lost
Terengganu,P.033 Besut,N.01 Kuala Besut,2,AZBI BIN SALLEH,HAJI AZBI,PARTI ISLAM SE MALAYSIA,PAS,54,male,malay,2,11496,60.91241456048323,won
Terengganu,P.033 Besut,N.02 Kota Putera,1,MOHD NURKHUZAINI BIN AB RAHMAN,HJ KHUZ,PARTI ISLAM SE MALAYSIA,PAS,51,male,malay,1,13360,58.312600934049144,won
Terengganu,P.033 Besut,N.02 Kota Putera,2,MUHAMMAD PEHIMI BIN YUSOF,DATO' MUHAMMAD PEHIMI YUSOF,BARISAN NASIONAL OF MALAYSIA,BN,60,male,malay,2,9551,41.687399065950856,lost
Terengganu,P.033 Besut,N.03 Jertih,1,RIDUAN BIN MOHAMAD NOR,DR RIDUAN MOHAMAD NOR,PARTI ISLAM SE MALAYSIA,PAS,52,male,malay,1,12122,62.0972286255827,won
Terengganu,P.033 Besut,N.03 Jertih,2,MOHD ROZAINI BIN MOHD RASLI,ROZAINI @ KOJA,BARISAN NASIONAL OF MALAYSIA,BN,35,male,malay,2,7399,37.90277137441729,lost
Terengganu,P.033 Besut,N.04 Hulu Besut,1,NAWI BIN MOHAMAD,NAWI BIN MOHAMAD,BARISAN NASIONAL OF MALAYSIA,BN,60,male,malay,1,6665,40.71472205253512,lost
Terengganu,P.033 Besut,N.04 Hulu Besut,2,CHE HARUN KAMARIAH BIN ABDULLAH,DR. CIKGU CHE HARUN KAMARIAH,BEBAS,BEBAS,61,male,malay,2,180,1.0995723885155773,lost_deposit
Terengganu,P.033 Besut,N.04 Hulu Besut,3,MOHD HUSAIMI BIN HUSSIN,MIE CHE HUSSIN,PARTI ISLAM SE MALAYSIA,PAS,49,male,malay,3,9525,58.185705558949294,won
Terengganu,P.034 Setiu,N.05 Jabi,1,ROSDI BIN ZAKARIA,USTAZ ROSDI ZAKARIA,BARISAN NASIONAL OF MALAYSIA,BN,49,male,malay,1,6847,37.27272727272727,lost
Terengganu,P.034 Setiu,N.05 Jabi,2,AZMAN BIN IBRAHIM,DR. AZMAN,PARTI ISLAM SE MALAYSIA,PAS,48,male,malay,2,11523,62.727272727272734,won
Terengganu,P.034 Setiu,N.06 Permaisuri,1,HAMDAN BIN HAMZAH,HAMDAN HAMZAH,BARISAN NASIONAL OF MALAYSIA,BN,53,male,malay,1,7299,32.973436935308996,lost
Terengganu,P.034 Setiu,N.06 Permaisuri,2,MOHD YUSOP BIN MAJID,YUSOP MAJID,PARTI ISLAM SE MALAYSIA,PAS,60,male,malay,2,14837,67.026563064691,won
Terengganu,P.034 Setiu,N.07 Langkap,1,AZMI BIN MAAROF,AZMI MAAROF,PARTI ISLAM SE MALAYSIA,PAS,62,male,malay,1,9553,58.3496213046665,won
Terengganu,P.034 Setiu,N.07 Langkap,2,SABRI BIN MOHD NOOR,DATO' HAJI SABRI MOHD NOOR,BARISAN NASIONAL OF MALAYSIA,BN,60,male,malay,2,6819,41.650378695333494,lost
Terengganu,P.034 Setiu,N.08 Batu Rakit,1,MOHD SHAFIZI BIN ISMAIL,USTAZ MOHD SHAFIZI,PARTI ISLAM SE MALAYSIA,PAS,39,male,malay,1,14465,63.135611714896775,won
Terengganu,P.034 Setiu,N.08 Batu Rakit,2,BAZLAN BIN ABD RAHMAN,BAZLAN BIN ABD RAHMAN,BARISAN NASIONAL OF MALAYSIA,BN,59,male,malay,2,8446,36.864388285103225,lost
Terengganu,P.035 Kuala Nerus,N.09 Tepuh,1,HISHAMUDDIN BIN ABDUL KARIM,USTAZ HISHAMUDDIN,PARTI ISLAM SE MALAYSIA,PAS,44,male,malay,1,17049,73.47440096535081,won
Terengganu,P.035 Kuala Nerus,N.09 Tepuh,2,MUHAMMAD HANAFI BIN HASSAN,MUHAMMAD HANAFI HASSAN,BARISAN NASIONAL OF MALAYSIA,BN,44,male,malay,2,6155,26.5255990346492,lost
Terengganu,P.035 Kuala Nerus,N.10 Buluh Gading,1,RIDZUAN BIN HASHIM,USTAZ RIDZUAN HASHIM,PARTI ISLAM SE MALAYSIA,PAS,51,male,malay,1,16213,73.4950135992747,won
Terengganu,P.035 Kuala Nerus,N.10 Buluh Gading,2,OMAR BIN ADAM,OMAR BIN ADAM,BARISAN NASIONAL OF MALAYSIA,BN,49,male,malay,2,5847,26.504986400725294,lost
Terengganu,P.035 Kuala Nerus,N.11 Seberang Takir,1,AHMAD RAZIF BIN ABD RAHMAN,CIKGU RAZIF,BARISAN NASIONAL OF MALAYSIA,BN,57,male,malay,1,9359,43.49988380199861,lost
Terengganu,P.035 Kuala Nerus,N.11 Seberang Takir,2,KHAZAN BIN CHE MAT,USTAZ HAJI KHAZAN,PARTI ISLAM SE MALAYSIA,PAS,54,male,malay,2,12156,56.50011619800139,won
Terengganu,P.035 Kuala Nerus,N.12 Bukit Tunggal,1,WAN NOORISLAM BIN WAN HASHIM,WAN NOORISLAM BIN WAN HASHIM,BARISAN NASIONAL OF MALAYSIA,BN,62,male,malay,1,4345,26.47614404972275,lost
Terengganu,P.035 Kuala Nerus,N.12 Bukit Tunggal,2,ZAHARUDIN BIN ZAHID,HAJI ZAHARUDIN,PARTI ISLAM SE MALAYSIA,PAS,55,male,malay,2,12066,73.52385595027725,won
Terengganu,P.036 Kuala Terengganu,N.13 Wakaf Mempelam,1,WAN SUKAIRI BIN WAN ABDULLAH,USTAZ WAN SUKAIRI,PARTI ISLAM SE MALAYSIA,PAS,51,male,malay,1,22345,85.73456624333346,won
Terengganu,P.036 Kuala Terengganu,N.13 Wakaf Mempelam,2,WAN MUHAMAD HAIKAL BIN WAN GHAZALI,WAN HAIKAL,PAKATAN HARAPAN,PH,26,male,malay,2,3718,14.26543375666654,lost
Terengganu,P.036 Kuala Terengganu,N.14 Bandar,1,AHMAD SHAH BIN MUHAMED,USTAZ AHMAD SHAH,PARTI ISLAM SE MALAYSIA,PAS,55,male,malay,1,8438,56.691749529696324,won
Terengganu,P.036 Kuala Terengganu,N.14 Bandar,2,ARMI IRZAN BIN MOHD,ARMI IRZAN MOHD,BARISAN NASIONAL OF MALAYSIA,BN,43,male,malay,2,6074,40.80892233270626,lost
Terengganu,P.036 Kuala Terengganu,N.14 Bandar,3,LUQMAN BIN LONG,LUQMAN LONG,IKATAN DEMOKRATIK MALAYSIA,MUDA,29,male,malay,3,372,2.49932813759742,lost_deposit
Terengganu,P.036 Kuala Terengganu,N.15 Ladang,1,MOHD SABRI BIN ALWI,DATUK MAT,BARISAN NASIONAL OF MALAYSIA,BN,59,male,malay,1,7290,38.46356777291194,lost
Terengganu,P.036 Kuala Terengganu,N.15 Ladang,2,ZURAIDA BINTI MD.NOOR,ZURAIDA MD NOOR,PARTI ISLAM SE MALAYSIA,PAS,43,female,malay,2,11663,61.536432227088056,won
Terengganu,P.036 Kuala Terengganu,N.16 Batu Buruk,1,MUHAMMAD KHALIL BIN ABDUL HADI,USTAZ KHALIL,PARTI ISLAM SE MALAYSIA,PAS,46,male,malay,1,23767,79.57878524074198,won
Terengganu,P.036 Kuala Terengganu,N.16 Batu Buruk,2,MOHAMAD ZAMIR BIN GHAZALI,ZAMIR GHAZALI,PAKATAN HARAPAN,PH,41,male,malay,2,6099,20.421214759258017,lost
Terengganu,P.037 Marang,N.17 Alur Limbat,1,MOHD YUSERI BIN ISA,CIKGU MOHD YUSERI,BARISAN NASIONAL OF MALAYSIA,BN,56,male,malay,1,7477,27.08076783773995,lost
Terengganu,P.037 Marang,N.17 Alur Limbat,2,ARIFFIN BIN DERAMAN,USTAZ ARIFFIN,PARTI ISLAM SE MALAYSIA,PAS,55,male,malay,2,20133,72.91923216226004,won
Terengganu,P.037 Marang,N.18 Bukit Payung,1,MOHD KHIM @ MOHD KHAN BIN ABD RAHMAN,MOHD KHAN,BARISAN NASIONAL OF MALAYSIA,BN,62,male,malay,1,5882,25.889084507042252,lost
Terengganu,P.037 Marang,N.18 Bukit Payung,2,MOHD NOR BIN HAMZAH,USTAZ MOHD NOR,PARTI ISLAM SE MALAYSIA,PAS,51,male,malay,2,16838,74.11091549295776,won
Terengganu,P.037 Marang,N.19 Ru Rendang,1,SUHAIMI BIN SULAIMAN,HAJI SUHAIMI,PAKATAN HARAPAN,PH,59,male,malay,1,3641,14.82009117551286,lost
Terengganu,P.037 Marang,N.19 Ru Rendang,2,AHMAD SAMSURI BIN MOKHTAR,DR SAM,PARTI ISLAM SE MALAYSIA,PAS,52,male,malay,2,20927,85.17990882448714,won
Terengganu,P.037 Marang,N.20 Pengkalan Berangan,1,SULAIMAN BIN SULONG,USTAZ SULAIMAN,PARTI ISLAM SE MALAYSIA,PAS,47,male,malay,1,17946,64.98406720741599,won
Terengganu,P.037 Marang,N.20 Pengkalan Berangan,2,NIK DIR BIN NIK WAN KU,DATO' HAJI NIK DIR,BARISAN NASIONAL OF MALAYSIA,BN,65,male,malay,2,9670,35.01593279258401,lost
Terengganu,P.038 Hulu Terengganu,N.21 Telemung,1,MOHD ZAWAWI BIN ISMAIL,CIKGU AWI,PARTI ISLAM SE MALAYSIA,PAS,63,male,malay,1,8380,50.8958396598846,won
Terengganu,P.038 Hulu Terengganu,N.21 Telemung,2,ROZI BIN MAMAT,DATO' ROZI MAMAT,BARISAN NASIONAL OF MALAYSIA,BN,52,male,malay,2,8085,49.10416034011539,lost
Terengganu,P.038 Hulu Terengganu,N.22 Manir,1,EKA LISUT,EKA LISUT,PAKATAN HARAPAN,PH,61,female,other,1,2211,14.098966968498916,lost
Terengganu,P.038 Hulu Terengganu,N.22 Manir,2,HILMI BIN HARUN,USTAZ HILMI,PARTI ISLAM SE MALAYSIA,PAS,46,male,malay,2,13471,85.90103303150109,won
Terengganu,P.038 Hulu Terengganu,N.23 Kuala Berang,1,JALALUDIN BIN ISMAIL,CG. JALAL,BARISAN NASIONAL OF MALAYSIA,BN,58,male,malay,1,5353,32.20237020995007,lost
Terengganu,P.038 Hulu Terengganu,N.23 Kuala Berang,2,MAMAD BIN PUTEH,DR.MAMAD,PARTI ISLAM SE MALAYSIA,PAS,67,male,malay,2,11270,67.79762979004992,won
Terengganu,P.038 Hulu Terengganu,N.24 Ajil,1,JAILANI BIN JOHARI,JAILANI JOHARI,BARISAN NASIONAL OF MALAYSIA,BN,58,male,malay,1,6104,33.05534495830174,lost
Terengganu,P.038 Hulu Terengganu,N.24 Ajil,2,MALIAMAN BIN KASSIM,USTAZ MALIAMAN KASSIM,PARTI ISLAM SE MALAYSIA,PAS,60,male,malay,2,12362,66.94465504169825,won
Terengganu,P.039 Dungun,N.25 Bukit Besi,1,GHAZALI BIN SULAIMAN,HAJI GHAZALI,PARTI ISLAM SE MALAYSIA,PAS,59,male,malay,1,8552,63.85902031063322,won
Terengganu,P.039 Dungun,N.25 Bukit Besi,2,DIN BIN ADAM,DATO DIN ADAM,BARISAN NASIONAL OF MALAYSIA,BN,62,male,malay,2,4840,36.14097968936679,lost
Terengganu,P.039 Dungun,N.26 Rantau Abang,1,MOHD ASRI BIN MOHAMAD,MOHD ASRI BIN MOHAMAD,BARISAN NASIONAL OF MALAYSIA,BN,48,male,malay,1,6037,24.151864298287727,lost
Terengganu,P.039 Dungun,N.26 Rantau Abang,2,MOHD FADHLI RAHMI BIN ZULKIFLI,USTAZ MOHD FADHLI,PARTI ISLAM SE MALAYSIA,PAS,35,male,malay,2,18959,75.84813570171227,won
Terengganu,P.039 Dungun,N.27 Sura,1,TENGKU MUHAMMAD FAKHRUDDIN BIN TENGKU MD FAUZI,DR DIN,PARTI ISLAM SE MALAYSIA,PAS,34,male,malay,1,17395,83.06274472352212,won
Terengganu,P.039 Dungun,N.27 Sura,2,OTHMAN BIN OMAR,CIKGU OBO OTHMAN BIN OMAR,PAKATAN HARAPAN,PH,63,male,malay,2,3547,16.93725527647789,lost
Terengganu,P.039 Dungun,N.28 Paka,1,SATIFUL BAHARI BIN MAMAT,DATO' USTAZ SAIFUL BAHRI,PARTI ISLAM SE MALAYSIA,PAS,55,male,malay,1,18681,73.29906615396689,won
Terengganu,P.039 Dungun,N.28 Paka,2,AHMAD ABDULLAH BIN ABD WAHAB,MAD PAKA,BARISAN NASIONAL OF MALAYSIA,BN,38,male,malay,2,6805,26.700933846033116,lost
Terengganu,P.040 Kemaman,N.29 Kemasik,1,SAIFUL AZMI BIN SUHAILI,IR HJ SAIFUL AZMI,PARTI ISLAM SE MALAYSIA,PAS,46,male,malay,1,13778,65.4505724193625,won
Terengganu,P.040 Kemaman,N.29 Kemasik,2,MUHAMMAD KHAIRI AFIQ BIN MOHD YUSOF,KHAIRI AFIQ,BARISAN NASIONAL OF MALAYSIA,BN,36,male,malay,2,7273,34.5494275806375,lost
Terengganu,P.040 Kemaman,N.30 Kijal,1,RAZALI BIN IDRIS,TOK LI,PARTI ISLAM SE MALAYSIA,PAS,57,male,malay,1,13403,58.15255119750087,won
Terengganu,P.040 Kemaman,N.30 Kijal,2,AHMAD BIN SAID,DATO' SERI (DR.) HJ. AHMAD BIN SAID,BARISAN NASIONAL OF MALAYSIA,BN,66,male,malay,2,9645,41.84744880249913,lost
Terengganu,P.040 Kemaman,N.31 Cukai,1,MOHAMED RAHIM BIN HUSSIN,DATO' SRI HAJI MOHAMED RAHIM BIN HUSSIN,BARISAN NASIONAL OF MALAYSIA,BN,64,male,malay,1,10288,35.86918624921553,lost
Terengganu,P.040 Kemaman,N.31 Cukai,2,HANAFIAH BIN MAT,HAJI HANAFIAH MAT,PARTI ISLAM SE MALAYSIA,PAS,62,male,malay,2,18394,64.13081375078447,won
Terengganu,P.040 Kemaman,N.32 Air Putih,1,MOHD HAFIZ BIN ADAM,MOHD HAFIZ,PARTI ISLAM SE MALAYSIA,PAS,45,male,malay,1,21664,65.64848484848484,won
Terengganu,P.040 Kemaman,N.32 Air Putih,2,MOHD ZAKI BIN SALLEH,DR. MOHD ZAKI BIN SALLEH,BARISAN NASIONAL OF MALAYSIA,BN,54,male,malay,2,11336,34.35151515151515,lost
Pulau Pinang,P.041 Kepala Batas,N.01 Penaga,1,MOHD YUSNI BIN MAT PIAH,USTAZ YUSNI,PERIKATAN NASIONAL,PN,49,male,malay,1,13223,63.240709742216275,won
Pulau Pinang,P.041 Kepala Batas,N.01 Penaga,2,MOHD NAIM BIN SALLEH,USTAZ MOHD NAIM BIN HJ. SALLEH,BARISAN NASIONAL OF MALAYSIA,BN,43,male,malay,2,7686,36.759290257783725,lost
Pulau Pinang,P.041 Kepala Batas,N.02 Bertam,1,REEZAL MERICAN BIN NAINA MERICAN,DATO SRI REEZAL MERICAN BIN NAINA MERICAN,BARISAN NASIONAL OF MALAYSIA,BN,51,male,malay,1,10453,56.24428302394404,won
Pulau Pinang,P.041 Kepala Batas,N.02 Bertam,2,KHALIQ MEHTAB BIN MOHD ISHAQ,KHALIQ MEHTAB,PERIKATAN NASIONAL,PN,47,male,malay,2,8132,43.75571697605596,lost
Pulau Pinang,P.041 Kepala Batas,N.03 Pinang Tunggal,1,ZAINUDDIN BIN MOHAMED,ZAINUDDIN MOHAMED,PAKATAN HARAPAN,PH,38,male,malay,1,10132,37.2609591056193,lost
Pulau Pinang,P.041 Kepala Batas,N.03 Pinang Tunggal,2,BUKHORI BIN GHAZALI,BUKHORI GHAZALI,PERIKATAN NASIONAL,PN,60,male,malay,2,17060,62.73904089438071,won
Pulau Pinang,P.042 Tasek Gelugor,N.04 Permatang Berangan,1,NOR HAFIZAH BINTI OTHMAN,NOR HAFIZAH BINTI OTHMAN,BARISAN NASIONAL OF MALAYSIA,BN,46,female,malay,1,7001,30.504117467648467,lost
Pulau Pinang,P.042 Tasek Gelugor,N.04 Permatang Berangan,2,MOHD SOBRI BIN SALEH,PAKCIK SOBRI,PERIKATAN NASIONAL,PN,58,male,malay,2,15950,69.49588253235153,won
Pulau Pinang,P.042 Tasek Gelugor,N.05 Sungai Dua,1,MUHAMMAD FAUZI BIN YUSOFF,USTAZ FAUZI,PERIKATAN NASIONAL,PN,51,male,malay,1,13988,62.26020385454222,won
Pulau Pinang,P.042 Tasek Gelugor,N.05 Sungai Dua,2,SHAIK HUSSEIN BIN MYDIN,DATO DR. SHAIK HUSSEIN MYDIN,BARISAN NASIONAL OF MALAYSIA,BN,50,male,malay,2,8479,37.73979614545778,lost
Pulau Pinang,P.042 Tasek Gelugor,N.06 Telok Ayer Tawar,1,ABDUL MOHSEIN BIN MOHD SHARIFF,MOHSEIN SHARIFF,PAKATAN HARAPAN,PH,44,male,malay,1,8276,44.73755338126385,lost
Pulau Pinang,P.042 Tasek Gelugor,N.06 Telok Ayer Tawar,2,AZMI BIN ALANG,AZMI ALANG,PERIKATAN NASIONAL,PN,58,male,malay,2,10223,55.26244661873615,won
Pulau Pinang,P.043 Bagan,N.07 Sungai Puyu,1,PHEE SYN TZE,PHEE SYN TZE,PAKATAN HARAPAN,PH,38,female,chinese,1,23838,90.48052835345024,won
Pulau Pinang,P.043 Bagan,N.07 Sungai Puyu,2,TEOW CHIN SIANG,ANDREW TEOW,PERIKATAN NASIONAL,PN,39,male,chinese,2,2508,9.51947164654976,lost_deposit
Pulau Pinang,P.043 Bagan,N.08 Bagan Jermal,1,ONG CHUAN JIN,CJ ONG,PERIKATAN NASIONAL,PN,60,male,chinese,1,3538,15.233584499461786,lost
Pulau Pinang,P.043 Bagan,N.08 Bagan Jermal,2,CHEE YEEH KEEN,CHEE YEEH KEEN,PAKATAN HARAPAN,PH,41,male,chinese,2,19687,84.76641550053822,won
Pulau Pinang,P.043 Bagan,N.09 Bagan Dalam,1,RAJASAKANAN A/L SINNAKANNU,RAJASAKANAN A/L SINNAKANNU,PENANG FRONT PARTY,PFP,65,male,indian,1,115,0.7825258573761568,lost_deposit
Pulau Pinang,P.043 Bagan,N.09 Bagan Dalam,2,SATEES A/L MUNIANDY,SATEES MUNIANDY,BEBAS,BEBAS,38,male,indian,2,1111,7.559880239520958,lost_deposit
Pulau Pinang,P.043 Bagan,N.09 Bagan Dalam,3,JAYARAMAN A/L K KUNCHU KANNU,K. JAYARAMAN,PERIKATAN NASIONAL,PN,56,male,indian,3,2964,20.168753402286335,lost
Pulau Pinang,P.043 Bagan,N.09 Bagan Dalam,4,KUMARAN A/L KRISHNAN,KUMARAN KRISHNAN @ CALVIN,PAKATAN HARAPAN,PH,45,male,indian,4,10506,71.48884050081655,won
Pulau Pinang,P.044 Permatang Pauh,N.10 Seberang Jaya,1,JOHARI BIN KASSIM,JOHARI KASSIM,PAKATAN HARAPAN,PH,61,male,malay,1,15951,43.31215379602477,lost
Pulau Pinang,P.044 Permatang Pauh,N.10 Seberang Jaya,2,IZHAR SHAH BIN ARIF SHAH,IZHAR SHAH DATUK ARIF SHAH,PERIKATAN NASIONAL,PN,30,male,malay,2,20877,56.68784620397523,won
Pulau Pinang,P.044 Permatang Pauh,N.11 Permatang Pasir,1,AMIR HAMZAH B ABDUL HASHIM @ MD HASHIM,HAJI AMIR HAMZAH,PERIKATAN NASIONAL,PN,58,male,malay,1,13526,56.49014366855998,won
Pulau Pinang,P.044 Permatang Pauh,N.11 Permatang Pasir,2,MUHAMMAD FAIZ BIN FADZIL,FAIZ FADZIL,PAKATAN HARAPAN,PH,46,male,malay,2,10418,43.50985633144003,lost
Pulau Pinang,P.044 Permatang Pauh,N.12 Penanti,1,ROSIDI BIN HUSSAIN,USTAZ ROSIDI HUSSAIN,PAKATAN HARAPAN,PH,52,male,malay,1,9011,41.723387507524194,lost
Pulau Pinang,P.044 Permatang Pauh,N.12 Penanti,2,ZULKEFLI BIN BAKAR,ZULKEFLI BIN BAKAR,PERIKATAN NASIONAL,PN,62,male,malay,2,12586,58.27661249247581,won
Pulau Pinang,P.045 Bukit Mertajam,N.13 Berapit,1,HENG LEE LEE,HENG LEE LEE,PAKATAN HARAPAN,PH,43,female,chinese,1,19183,94.43706001083049,won
Pulau Pinang,P.045 Bukit Mertajam,N.13 Berapit,2,LEE KOK KEONG,LEE KOK KEONG,PERIKATAN NASIONAL,PN,38,male,chinese,2,1130,5.5629399891694975,lost_deposit
Pulau Pinang,P.045 Bukit Mertajam,N.14 Machang Bubuk,1,LEE KHAI LOON,LEE KHAI LOON,PAKATAN HARAPAN,PH,45,male,chinese,1,28777,69.12230976172175,won
Pulau Pinang,P.045 Bukit Mertajam,N.14 Machang Bubuk,2,TAN HUM WEI,ANDY TAN HUM WEI,PERIKATAN NASIONAL,PN,39,male,chinese,2,12855,30.877690238278248,lost
Pulau Pinang,P.045 Bukit Mertajam,N.15 Padang Lalang,1,SURESH A/L DEVARAJ NAIDU,SURESH,PERIKATAN NASIONAL,PN,49,male,indian,1,2867,11.28740157480315,lost_deposit
Pulau Pinang,P.045 Bukit Mertajam,N.15 Padang Lalang,2,OOI KHAR GIAP,OOI KHAR GIAP,PENANG FRONT PARTY,PFP,56,male,chinese,2,218,0.8582677165354331,lost_deposit
Pulau Pinang,P.045 Bukit Mertajam,N.15 Padang Lalang,3,GOOI ZI SEN,GOOI ZI SEN,PAKATAN HARAPAN,PH,36,male,chinese,3,22315,87.85433070866142,won
Pulau Pinang,P.046 Batu Kawan,N.16 Perai,1,VIKNESWARY A/P HARIKRISHNAN,VIKY,IKATAN DEMOKRATIK MALAYSIA,MUDA,36,female,indian,1,253,1.8184431826349459,lost_deposit
Pulau Pinang,P.046 Batu Kawan,N.16 Perai,2,SUNDARAJOO A/L SOMU,SUNDARAJOO SOMU,PAKATAN HARAPAN,PH,61,male,indian,2,10680,76.76273988356213,won
Pulau Pinang,P.046 Batu Kawan,N.16 Perai,3,DAVID MARSHEL A/L PAKIANATHAN,DAVID MARSHEL,BEBAS,BEBAS,48,male,indian,3,1439,10.342844821390067,lost_deposit
Pulau Pinang,P.046 Batu Kawan,N.16 Perai,4,SIVASUNTARAM A/L RAJALINGGAM,SIVASUNTARAM A/L RAJALINGGAM,PERIKATAN NASIONAL,PN,52,male,indian,4,1541,11.075972112412853,lost_deposit
Pulau Pinang,P.046 Batu Kawan,N.17 Bukit Tengah,1,GOOI HSIAO-LEUNG,GOOI HSIAO-LEUNG,PAKATAN HARAPAN,PH,50,male,chinese,1,16050,68.58095116010769,won
Pulau Pinang,P.046 Batu Kawan,N.17 Bukit Tengah,2,BALJIT SINGH A/L JIGIRI SINGH,BALJIT SINGH,PERIKATAN NASIONAL,PN,57,male,indian,2,7353,31.419048839892323,lost
Pulau Pinang,P.046 Batu Kawan,N.18 Bukit Tambun,1,GOH CHOON AIK,GOH CHOON AIK,PAKATAN HARAPAN,PH,49,male,chinese,1,21985,80.64042841946961,won
Pulau Pinang,P.046 Batu Kawan,N.18 Bukit Tambun,2,SAMUGANATHAN A/L MUNIANDY,SAMUGANATHAN A/L MUNIANDY,BEBAS,BEBAS,57,male,indian,2,468,1.7166122583721528,lost_deposit
Pulau Pinang,P.046 Batu Kawan,N.18 Bukit Tambun,3,TAN GIA WEI,TAN GIA WEI,PERIKATAN NASIONAL,PN,43,male,chinese,3,4810,17.642959322158237,lost
Pulau Pinang,P.047 Nibong Tebal,N.19 Jawi,1,H'NG MOOI LYE,H'NG MOOI LYE,PAKATAN HARAPAN,PH,45,male,chinese,1,20641,79.50159842853292,won
Pulau Pinang,P.047 Nibong Tebal,N.19 Jawi,2,KOH TIEN YEW,STEVEN KOH,PERIKATAN NASIONAL,PN,42,male,chinese,2,5322,20.498401571467088,lost
Pulau Pinang,P.047 Nibong Tebal,N.20 Sungai Bakap,1,NOR ZAMRI BIN LATIFF,ABANG ZAM,PERIKATAN NASIONAL,PN,54,male,malay,1,15433,52.66696242705525,won
Pulau Pinang,P.047 Nibong Tebal,N.20 Sungai Bakap,2,NURHIDAYAH BINTI CHE ROSE,NURHIDAYAH,PAKATAN HARAPAN,PH,32,female,malay,2,13870,47.33303757294475,lost
Pulau Pinang,P.047 Nibong Tebal,N.21 Sungai Acheh,1,ZULKIFLI BIN IBRAHIM,ZULKIFLI BIN IBRAHIM,PERIKATAN NASIONAL,PN,43,male,malay,1,9432,49.67347798609648,lost
Pulau Pinang,P.047 Nibong Tebal,N.21 Sungai Acheh,2,RASHIDI BIN ZINOL,RASHIDI BIN ZINOL,BARISAN NASIONAL OF MALAYSIA,BN,52,male,malay,2,9556,50.32652201390352,won
Pulau Pinang,P.048 Bukit Bendera,N.22 Tanjong Bunga,1,ZAIRIL KHIR JOHARI,ZAIRIL KHIR JOHARI,PAKATAN HARAPAN,PH,40,male,malay,1,13257,72.82065366657513,won
Pulau Pinang,P.048 Bukit Bendera,N.22 Tanjong Bunga,2,LEE CHUI WAH,LEE CHUI WAH,PARTI RAKYAT MALAYSIA,PRM,63,female,chinese,2,518,2.845372150508102,lost_deposit
Pulau Pinang,P.048 Bukit Bendera,N.22 Tanjong Bunga,3,HNG CHEE WEY,HNG CHEE WEY,PERIKATAN NASIONAL,PN,46,male,chinese,3,4430,24.33397418291678,lost
Pulau Pinang,P.048 Bukit Bendera,N.23 Air Putih,1,TEH YEE CHEU,TEH YEE CHEU,PARTI RAKYAT MALAYSIA,PRM,65,male,chinese,1,437,4.1595278888254335,lost_deposit
Pulau Pinang,P.048 Bukit Bendera,N.23 Air Putih,2,KONG CHENG ANN,IVAN KONG,PERIKATAN NASIONAL,PN,27,male,chinese,2,1073,10.21321149819151,lost_deposit
Pulau Pinang,P.048 Bukit Bendera,N.23 Air Putih,3,LIM GUAN ENG,LIM GUAN ENG,PAKATAN HARAPAN,PH,62,male,chinese,3,8996,85.62726061298306,won
Pulau Pinang,P.048 Bukit Bendera,N.24 Kebun Bunga,1,RAZALIF BIN MOHAMAD ZAIN,RAZALIF BIN MOHAMAD ZAIN,BEBAS,BEBAS,33,male,malay,1,757,4.696029776674938,lost_deposit
Pulau Pinang,P.048 Bukit Bendera,N.24 Kebun Bunga,2,TAN ZHEN ZUNE,TAN ZHEN ZUNE,PERIKATAN NASIONAL,PN,27,male,chinese,2,1204,7.4689826302729525,lost_deposit
Pulau Pinang,P.048 Bukit Bendera,N.24 Kebun Bunga,3,LEE BOON HENG,LEE BOON HENG,PAKATAN HARAPAN,PH,37,male,chinese,3,14159,87.8349875930521,won
Pulau Pinang,P.048 Bukit Bendera,N.25 Pulau Tikus,1,GOH CHUIN LOON,GOH CHUIN LOON,PARTI RAKYAT MALAYSIA,PRM,56,female,chinese,1,220,1.6170525542080119,lost_deposit
Pulau Pinang,P.048 Bukit Bendera,N.25 Pulau Tikus,2,WOO SZE ZENG,JOSHUA WOO SZE ZENG,PAKATAN HARAPAN,PH,41,male,chinese,2,11577,85.09371554575523,won
Pulau Pinang,P.048 Bukit Bendera,N.25 Pulau Tikus,3,TANG CHING SERN,DAVE TANG,PERIKATAN NASIONAL,PN,42,male,chinese,3,1808,13.289231900036752,lost
Pulau Pinang,P.049 Tanjong,N.26 Padang Kota,1,H'NG KHOON LENG,H'NG KHOON LENG,PERIKATAN NASIONAL,PN,58,male,chinese,1,1145,12.173081012119924,lost_deposit
Pulau Pinang,P.049 Tanjong,N.26 Padang Kota,2,CHOW KON YEOW,CHOW KON YEOW,PAKATAN HARAPAN,PH,64,male,chinese,2,8261,87.82691898788008,won
Pulau Pinang,P.049 Tanjong,N.27 Pengkalan Kota,1,SUTHAKARAN A/L SUBRAMANIAM,S. KARAN MAYAN,PERIKATAN NASIONAL,PN,55,male,indian,1,845,5.359634656856526,lost_deposit
Pulau Pinang,P.049 Tanjong,N.27 Pengkalan Kota,2,WONG YUEE HARNG,WONG YUEE HARNG,PAKATAN HARAPAN,PH,34,male,chinese,2,14921,94.64036534314347,won
Pulau Pinang,P.049 Tanjong,N.28 Komtar,1,CHEAH KIM HUAT,CHEAH KIM HUAT,PERIKATAN NASIONAL,PN,45,male,chinese,1,1435,13.39369049841329,lost
Pulau Pinang,P.049 Tanjong,N.28 Komtar,2,TEH LAI HENG,TEH LAI HENG,PAKATAN HARAPAN,PH,42,male,chinese,2,9279,86.60630950158671,won
Pulau Pinang,P.050 Jelutong,N.29 Datok Keramat,1,JAGDEEP SINGH DEO A/L KARPAL SINGH,JAGDEEP SINGH DEO A/L KARPAL SINGH,PAKATAN HARAPAN,PH,52,male,indian,1,13398,72.61001517450683,won
Pulau Pinang,P.050 Jelutong,N.29 Datok Keramat,2,HENG SEE LIN,HENG SEE LIN,PERIKATAN NASIONAL,PN,42,female,chinese,2,5054,27.38998482549317,lost
Pulau Pinang,P.050 Jelutong,N.30 Sungai Pinang,1,ANDREW RAJAH A/L BELLIMIN RAJAH,ANDREW RAJAH,BEBAS,BEBAS,52,male,indian,1,221,0.8980819245773732,lost_deposit
Pulau Pinang,P.050 Jelutong,N.30 Sungai Pinang,2,LIM SIEW KHIM,LIM SIEW KHIM,PAKATAN HARAPAN,PH,52,female,chinese,2,16026,65.12516254876462,won
Pulau Pinang,P.050 Jelutong,N.30 Sungai Pinang,3,NG FOOK ON,NG FOOK ON,PERIKATAN NASIONAL,PN,63,male,chinese,3,7738,31.445058517555267,lost
Pulau Pinang,P.050 Jelutong,N.30 Sungai Pinang,4,ABDUL GHANI BIN HAROON,ABDUL GHANI HAROON,PARTI RAKYAT MALAYSIA,PRM,58,male,malay,4,623,2.531697009102731,lost_deposit
Pulau Pinang,P.050 Jelutong,N.31 Batu Lancang,1,ONG AH TEONG,ONG AH TEONG,PAKATAN HARAPAN,PH,53,male,chinese,1,21796,92.11783102996492,won
Pulau Pinang,P.050 Jelutong,N.31 Batu Lancang,2,MOHD ASWAAD BIN JAAFAR,MOHD ASWAAD BIN JAAFAR,PERIKATAN NASIONAL,PN,40,male,malay,2,1865,7.882168970035079,lost_deposit
Pulau Pinang,P.051 Bukit Gelugor,N.32 Seri Delima,1,MOHAN A/L APPAROO,A MOHAN,PERIKATAN NASIONAL,PN,62,male,indian,1,3950,19.425592603521196,lost
Pulau Pinang,P.051 Bukit Gelugor,N.32 Seri Delima,2,TAN HOOI PENG,CONNIE TAN HOOI PENG,PAKATAN HARAPAN,PH,32,female,chinese,2,16384,80.5744073964788,won
Pulau Pinang,P.051 Bukit Gelugor,N.33 Air Itam,1,JOSEPH NG SOON SIANG,JOSEPH NG SOON SIANG,PAKATAN HARAPAN,PH,44,male,chinese,1,12456,79.2215226101889,won
Pulau Pinang,P.051 Bukit Gelugor,N.33 Air Itam,2,CHEANG CHEE GOOI,CHEANG CHEE GOOI,PERIKATAN NASIONAL,PN,73,male,chinese,2,3267,20.778477389811105,lost
Pulau Pinang,P.051 Bukit Gelugor,N.34 Paya Terubong,1,WONG HON WAI,WONG HON WAI,PAKATAN HARAPAN,PH,50,male,chinese,1,40530,91.57666410592435,won
Pulau Pinang,P.051 Bukit Gelugor,N.34 Paya Terubong,2,OOI GHEE OON,ANDREW OOI,PERIKATAN NASIONAL,PN,39,male,chinese,2,3728,8.423335894075647,lost_deposit
Pulau Pinang,P.052 Bayan Baru,N.35 Batu Uban,1,LEE KIM NOOR,KN LEE,IKATAN DEMOKRATIK MALAYSIA,MUDA,59,female,chinese,1,803,2.70908538848217,lost_deposit
Pulau Pinang,P.052 Bayan Baru,N.35 Batu Uban,2,KUMARESAN A/L ARAMUGAM,A.KUMARESAN,PAKATAN HARAPAN,PH,35,male,indian,2,22773,76.82939172092709,won
Pulau Pinang,P.052 Bayan Baru,N.35 Batu Uban,3,MOK KOK ON,MOK KOK ON,PERIKATAN NASIONAL,PN,52,male,chinese,3,6065,20.461522890590736,lost
Pulau Pinang,P.052 Bayan Baru,N.36 Pantai Jerejak,1,FAHMI BIN ZAINOL,FAHMI ZAINOL,PAKATAN HARAPAN,PH,31,male,malay,1,14116,69.94004855571521,won
Pulau Pinang,P.052 Bayan Baru,N.36 Pantai Jerejak,2,OH TONG KEONG,OH TONG KEONG,PERIKATAN NASIONAL,PN,55,male,chinese,2,5519,27.34479512460982,lost
Pulau Pinang,P.052 Bayan Baru,N.36 Pantai Jerejak,3,LOH XIANG PIN,PRIYANKAA LOH,IKATAN DEMOKRATIK MALAYSIA,MUDA,27,female,chinese,3,472,2.338601793588664,lost_deposit
Pulau Pinang,P.052 Bayan Baru,N.36 Pantai Jerejak,4,RAVINDER SINGH A/L MALL SINGH,RAVINDER SINGH,PARTI RAKYAT MALAYSIA,PRM,80,male,indian,4,76,0.3765545260863103,lost_deposit
Pulau Pinang,P.052 Bayan Baru,N.37 Batu Maung,1,AZAHARI BIN ARIS,AZAHARI BIN ARIS,PERIKATAN NASIONAL,PN,57,male,malay,1,15718,45.35303113368151,lost
Pulau Pinang,P.052 Bayan Baru,N.37 Batu Maung,2,MOHAMAD BIN ABDUL HAMID,PROF. DATO' DR. MOHAMAD,PAKATAN HARAPAN,PH,48,male,malay,2,18939,54.64696886631849,won
Pulau Pinang,P.053 Balik Pulau,N.38 Bayan Lepas,1,DOMINIC LAU HOE CHAI,DR DOMINIC LAU HOE CHAI,PERIKATAN NASIONAL,PN,55,male,chinese,1,13573,46.74702944721887,lost
Pulau Pinang,P.053 Balik Pulau,N.38 Bayan Lepas,2,AZRUL MAHATHIR BIN AZIZ,AZRUL MAHATHIR BIN AZIZ,PAKATAN HARAPAN,PH,46,male,malay,2,15462,53.25297055278113,won
Pulau Pinang,P.053 Balik Pulau,N.39 Pulau Betong,1,MOHD TUAH BIN ISMAIL,HJ. TUAH B. ISMAIL,PAKATAN HARAPAN,PH,57,male,malay,1,8483,47.0833102070267,lost
Pulau Pinang,P.053 Balik Pulau,N.39 Pulau Betong,2,MOHAMAD SHUKOR BIN ZAKARIAH,HJ. SHUKOR,PERIKATAN NASIONAL,PN,60,male,malay,2,9534,52.9166897929733,won
Pulau Pinang,P.053 Balik Pulau,N.40 Telok Bahang,1,AHMAD ZAKI SHAH BIN SHAH HEADAN,AHMAD ZAKI SHAH BIN SHAH HEADAN,BARISAN NASIONAL OF MALAYSIA,BN,33,male,malay,1,6301,46.51557655396427,lost
Pulau Pinang,P.053 Balik Pulau,N.40 Telok Bahang,2,MUHAMAD BIN KASIM,KOLONEL MUHAMAD BIN KASIM (B),PERIKATAN NASIONAL,PN,62,male,malay,2,7245,53.484423446035734,won
Selangor,P.092 Sabak Bernam,N.01 Sungai Air Tawar,1,MOHAMAD ZAIDI BIN SELAMAT,CIKGU ZAIDI SELAMAT,PERIKATAN NASIONAL,PN,54,male,malay,1,7024,47.15993017322412,lost
Selangor,P.092 Sabak Bernam,N.01 Sungai Air Tawar,2,RIZAM BIN ISMAIL,DATUK HAJI RIZAM ISMAIL,BARISAN NASIONAL OF MALAYSIA,BN,42,male,malay,2,7870,52.84006982677588,won
Selangor,P.092 Sabak Bernam,N.02 Sabak,1,SAMAD BIN HASHIM,CIKGU SAMAD BIN HASHIM,PAKATAN HARAPAN,PH,53,male,malay,1,9216,40.69413167306928,lost
Selangor,P.092 Sabak Bernam,N.02 Sabak,2,SALLEHEN BIN MUKHYI,USTAZ SALLEHEN MUKHYI,PERIKATAN NASIONAL,PN,56,male,malay,2,13431,59.30586832693072,won
Selangor,P.093 Sungai Besar,N.03 Sungai Panjang,1,MOHD IMRAN BIN TAMRIN,MOHD IMRAN BIN TAMRIN,BARISAN NASIONAL OF MALAYSIA,BN,36,male,malay,1,13401,44.114161564289944,lost
Selangor,P.093 Sungai Besar,N.03 Sungai Panjang,2,MOHD RAZALI BIN SAARI,USTAZ RAZALI SAARI,PERIKATAN NASIONAL,PN,41,male,malay,2,16977,55.885838435710056,won
Selangor,P.093 Sungai Besar,N.04 Sekinchan,1,GOH GAIK MENG,GOH GAIK MENG,PERIKATAN NASIONAL,PN,50,male,chinese,1,6214,37.78426365073574,lost
Selangor,P.093 Sungai Besar,N.04 Sekinchan,2,NG SUEE LIM,NG SUEE LIM,PAKATAN HARAPAN,PH,53,male,chinese,2,10232,62.21573634926426,won
Selangor,P.094 Hulu Selangor,N.05 Hulu Bernam,1,MOHD AMRAN BIN SAKIR,HAJI AMRAN SAKIR,PAKATAN HARAPAN,PH,59,male,malay,1,10049,48.38927144026581,lost
Selangor,P.094 Hulu Selangor,N.05 Hulu Bernam,2,MU'IZZUDDEEN BIN MAHYUDDIN,MUIZ MAHYUDDIN,PERIKATAN NASIONAL,PN,35,male,malay,2,10718,51.6107285597342,won
Selangor,P.094 Hulu Selangor,N.06 Kuala Kubu Baharu,1,TEOH KIEN HONG,HENRY TEOH,PERIKATAN NASIONAL,PN,42,male,chinese,1,10743,39.32571930595212,lost
Selangor,P.094 Hulu Selangor,N.06 Kuala Kubu Baharu,2,CHNG BOON LAI,CHNG BOON LAI,PARTI RAKYAT MALAYSIA,PRM,63,male,chinese,2,527,1.9291309759133173,lost_deposit
Selangor,P.094 Hulu Selangor,N.06 Kuala Kubu Baharu,3,LEE KEE HIONG,LEE KEE HIONG,PAKATAN HARAPAN,PH,57,female,chinese,3,14862,54.40368987480782,won
Selangor,P.094 Hulu Selangor,N.06 Kuala Kubu Baharu,4,SIVA PRAKASH A/L RAMASAMY,DR SIVA,IKATAN DEMOKRATIK MALAYSIA,MUDA,40,male,indian,4,1186,4.341459843326744,lost_deposit
Selangor,P.094 Hulu Selangor,N.07 Batang Kali,1,MUHAMMAD MUHAIMIN HARITH BIN ABDULLAH SANI,MUHAIMIN HARITH,PERIKATAN NASIONAL,PN,40,male,malay,1,32285,52.41752175607222,won
Selangor,P.094 Hulu Selangor,N.07 Batang Kali,2,MOHD ISA BIN ABU KASIM,MOHD ISA BIN ABU KASIM,BARISAN NASIONAL OF MALAYSIA,BN,58,male,malay,2,29307,47.58247824392778,lost
Selangor,P.095 Tanjong Karang,N.08 Sungai Burong,1,MOHD ZAMRI BIN MOHD ZAINULDIN,DR ZAMRI MANTOP,PERIKATAN NASIONAL,PN,44,male,malay,1,15447,64.22334940961251,won
Selangor,P.095 Tanjong Karang,N.08 Sungai Burong,2,MOHAMAD KHIR BIN RAMLI,USTAZ KHIR,BARISAN NASIONAL OF MALAYSIA,BN,53,male,malay,2,8605,35.77665059038749,lost
Selangor,P.095 Tanjong Karang,N.09 Permatang,1,MOHD YAHYA BIN MAT SAHRI,PAKYA,PAKATAN HARAPAN,PH,57,male,malay,1,11122,46.39579509427666,lost
Selangor,P.095 Tanjong Karang,N.09 Permatang,2,NURUL SYAZWANI BINTI NOH,NURUL NOH OMAR,PERIKATAN NASIONAL,PN,34,female,malay,2,12850,53.60420490572334,won
Selangor,P.096 Kuala Selangor,N.10 Bukit Melawati,1,THIBAN A/L SUBBRAMANIAM,THIBAN A/L SUBBRAMANIAM,PAKATAN HARAPAN,PH,35,male,indian,1,13795,48.459619910773874,lost
Selangor,P.096 Kuala Selangor,N.10 Bukit Melawati,2,NOORAZLEY BIN YAHYA,HJ. AZLEY YAHYA,PERIKATAN NASIONAL,PN,40,male,malay,2,14672,51.540380089226126,won
Selangor,P.096 Kuala Selangor,N.11 Ijok,1,JEFRI BIN MEJAN,JEFRI BIN MEJAN,PERIKATAN NASIONAL,PN,44,male,malay,1,12183,51.518098782138026,won
Selangor,P.096 Kuala Selangor,N.11 Ijok,2,AMIDI BIN ABDUL MANAN,CIKGU AMIDI,PAKATAN HARAPAN,PH,49,male,malay,2,11271,47.661535859269286,lost
Selangor,P.096 Kuala Selangor,N.11 Ijok,3,TAN CAT KEONG,CK TAN,BEBAS,BEBAS,59,male,chinese,3,194,0.8203653585926929,lost_deposit
Selangor,P.096 Kuala Selangor,N.12 Jeram,1,JAHAYA BIN IBRAHIM,JAHAYA IBRAHIM,BARISAN NASIONAL OF MALAYSIA,BN,69,male,malay,1,11333,40.38269669327252,lost
Selangor,P.096 Kuala Selangor,N.12 Jeram,2,HARRISON BIN HASSAN,HARRISON BIN HASSAN,PERIKATAN NASIONAL,PN,49,male,malay,2,16731,59.61730330672748,won
Selangor,P.097 Selayang,N.13 Kuang,1,HASNAL REZUA MERICAN BIN HABIB MERICAN,HASNAL REZUA MERICAN,BARISAN NASIONAL OF MALAYSIA,BN,53,male,malay,1,13619,40.775449101796404,lost
Selangor,P.097 Selayang,N.13 Kuang,2,SALLEHUDIN BIN AMIRUDDIN,YB. SALLEH AMIRUDDIN,BEBAS,BEBAS,60,male,malay,2,1287,3.853293413173653,lost_deposit
Selangor,P.097 Selayang,N.13 Kuang,3,MOHD RAFIQ BIN MOHD ABDULLAH,MOHD RAFIQ ABDULLAH,PERIKATAN NASIONAL,PN,48,male,malay,3,18494,55.37125748502994,won
Selangor,P.097 Selayang,N.14 Rawang,1,REJEAN KUMAR A/L RATNAM,R. REJEAN KUMAR,PERIKATAN NASIONAL,PN,26,male,indian,1,13510,25.646379892934434,lost
Selangor,P.097 Selayang,N.14 Rawang,2,CHUA WEI KIAT,CHUA WEI KIAT,PAKATAN HARAPAN,PH,34,male,chinese,2,39168,74.35362010706557,won
Selangor,P.097 Selayang,N.15 Taman Templer,1,AIDA NAZEERA BINTI ABD RAHMAN,AIDA RAHMAN,IKATAN DEMOKRATIK MALAYSIA,MUDA,30,female,malay,1,765,1.7078942668333632,lost_deposit
Selangor,P.097 Selayang,N.15 Taman Templer,2,ANFAAL BINTI SAARI,ANFAAL SAARI,PAKATAN HARAPAN,PH,43,female,malay,2,22247,49.66735131273442,won
Selangor,P.097 Selayang,N.15 Taman Templer,3,ZAIDY BIN ABDUL TALIB,ZAIDY ABDUL TALIB,PERIKATAN NASIONAL,PN,51,male,malay,3,21780,48.62475442043222,lost
Selangor,P.098 Gombak,N.16 Sungai Tua,1,SUMAN A/L GOPAL,SUMAN GOPAL,BEBAS,BEBAS,35,male,indian,1,430,1.2427386491719892,lost_deposit
Selangor,P.098 Gombak,N.16 Sungai Tua,2,MUHAMMAD HANIF BIN JAMALUDDIN,HANIF JAMALUDDIN,PERIKATAN NASIONAL,PN,36,male,malay,2,14493,41.88607265685963,lost
Selangor,P.098 Gombak,N.16 Sungai Tua,3,AMIRUDIN BIN SHARI,AMIRUDIN SHARI,PAKATAN HARAPAN,PH,43,male,malay,3,19678,56.87118869396838,won
Selangor,P.098 Gombak,N.17 Gombak Setia,1,MOHAMED SALIM BIN MOHAMED ALI,MOHAMED SALIM BIN MOHAMED ALI,BEBAS,BEBAS,53,male,malay,1,1076,1.7462996624253442,lost_deposit
Selangor,P.098 Gombak,N.17 Gombak Setia,2,MUHAMMAD HILMAN BIN IDHAM,HILMAN IDHAM,PERIKATAN NASIONAL,PN,34,male,malay,2,30299,49.17391586600883,won
Selangor,P.098 Gombak,N.17 Gombak Setia,3,MEGAT ZULKARNAIN BIN OMARDIN,MEGAT ZULKARNAIN OMARDIN,BARISAN NASIONAL OF MALAYSIA,BN,53,male,malay,3,30241,49.07978447156583,lost
Selangor,P.098 Gombak,N.18 Hulu Kelang,1,MOHAMED AZMIN BIN ALI,AZMIN ALI,PERIKATAN NASIONAL,PN,58,male,malay,1,25597,51.63079653871755,won
Selangor,P.098 Gombak,N.18 Hulu Kelang,2,JUWAIRIYA BINTI ZULKIFLI,JUWAIRIYA ZULKIFLI,PAKATAN HARAPAN,PH,38,female,malay,2,23980,48.36920346128245,lost
Selangor,P.099 Ampang,N.19 Bukit Antarabangsa,1,MELANIE TING YI-HLIN,MELANIE TING,IKATAN DEMOKRATIK MALAYSIA,MUDA,23,female,chinese,1,1462,3.12887899670419,lost_deposit
Selangor,P.099 Ampang,N.19 Bukit Antarabangsa,2,SASHA LYNA BINTI ABDUL LATIF,SASHA LYNA,PERIKATAN NASIONAL,PN,40,female,malay,2,14492,31.01485254462184,lost
Selangor,P.099 Ampang,N.19 Bukit Antarabangsa,3,MOHD.KAMRI BIN KAMARUDDIN,KAMRI KAMARUDDIN,PAKATAN HARAPAN,PH,54,male,malay,3,30772,65.85626845867397,won
Selangor,P.099 Ampang,N.20 Lembah Jaya,1,SYED AHMAD BIN ABDUL RAHMAN ALHADAD,SYED AHMAD @ ALTIMET,PAKATAN HARAPAN,PH,44,male,malay,1,26298,57.27165817326538,won
Selangor,P.099 Ampang,N.20 Lembah Jaya,2,SHARIFAH HASLIZAH BINTI SYED ARIFFIN,CIKGU SHARIFAH,PERIKATAN NASIONAL,PN,45,female,malay,2,19620,42.728341826734614,lost
Selangor,P.100 Pandan,N.21 Pandan Indah,1,NOOR FARALISA BINTI REDZUAN,LISA REDZUAN,IKATAN DEMOKRATIK MALAYSIA,MUDA,41,female,malay,1,1166,2.5074190357403983,lost_deposit
Selangor,P.100 Pandan,N.21 Pandan Indah,2,FAZIL BIN MOHAMAD DALI,FAZIL MOHAMAD DALI (CIKTON),PERIKATAN NASIONAL,PN,47,male,malay,2,17287,37.17474517225065,lost
Selangor,P.100 Pandan,N.21 Pandan Indah,3,SIVANESWARAN A/L RAMASUNDRAM,SIVANESWARAN A/L RAMASUNDRAM,BEBAS,BEBAS,48,male,indian,3,171,0.3677261193066965,lost_deposit
Selangor,P.100 Pandan,N.21 Pandan Indah,4,IZHAM BIN HASHIM,IZHAM HASHIM,PAKATAN HARAPAN,PH,61,male,malay,4,27878,59.95010967270225,won
Selangor,P.100 Pandan,N.22 Teratai,1,CHEW HAN KEAI,CHEW HAN KEAI,PERIKATAN NASIONAL,PN,43,male,chinese,1,10586,19.93409283494963,lost
Selangor,P.100 Pandan,N.22 Teratai,2,YEW JIA HAUR,YEW JIA HAUR,PAKATAN HARAPAN,PH,44,male,chinese,2,42519,80.06590716505038,won
Selangor,P.101 Hulu Langat,N.23 Dusun Tua,1,JOHAN BIN ABD AZIZ,JOHAN ABD AZIZ,BARISAN NASIONAL OF MALAYSIA,BN,56,male,malay,1,26755,49.91045778457635,won
Selangor,P.101 Hulu Langat,N.23 Dusun Tua,2,AL HAFIZ IKHWAN BIN MOHAMAD ASAAD,AL HAFIZ IKHWAN,IKATAN DEMOKRATIK MALAYSIA,MUDA,33,male,malay,2,3110,5.80158937432377,lost_deposit
Selangor,P.101 Hulu Langat,N.23 Dusun Tua,3,AZHAR BIN HAMBALI,AZHAR HAMBALI,PERIKATAN NASIONAL,PN,54,male,malay,3,23741,44.28795284109987,lost
Selangor,P.101 Hulu Langat,N.24 Semenyih,1,WAN ZULAIKA BINTI ANUA,WAN ZULAIKA ANUA,BARISAN NASIONAL OF MALAYSIA,BN,48,female,malay,1,35806,49.134121909048496,lost
Selangor,P.101 Hulu Langat,N.24 Semenyih,2,NUSHI BIN MAHFODZ,NUSHI MAHFODZ,PERIKATAN NASIONAL,PN,47,male,malay,2,37068,50.86587809095151,won
Selangor,P.102 Bangi,N.25 Kajang,1,CHEONG KIAN YOUNG,DAVID CHEONG,PAKATAN HARAPAN,PH,58,male,chinese,1,54794,70.36147672552167,won
Selangor,P.102 Bangi,N.25 Kajang,2,LIEW SIN KIM,ALLAN LIEW SIN KIN,PERIKATAN NASIONAL,PN,64,male,chinese,2,20400,26.195826645264848,lost
Selangor,P.102 Bangi,N.25 Kajang,3,ARUTCHELVAN A/L SUBRAMANIAMS,ARUL,PARTI SOSIALIS MALAYSIA (BARU),PSM,56,male,indian,3,2681,3.4426966292134833,lost_deposit
Selangor,P.102 Bangi,N.26 Sungai Ramal,1,MOHD SHAFIE BIN NGAH,SHAFIE NGAH,PERIKATAN NASIONAL,PN,56,male,malay,1,40259,55.338070954351146,won
Selangor,P.102 Bangi,N.26 Sungai Ramal,2,MAZWAN BIN JOHAR,HAJI MAZWAN JOHAR,PAKATAN HARAPAN,PH,54,male,malay,2,32492,44.661929045648854,lost
Selangor,P.102 Bangi,N.27 Balakong,1,ONG CHUN WEI,WAYNE ONG CHUN WEI,PAKATAN HARAPAN,PH,34,male,chinese,1,54995,76.21469552925525,won
Selangor,P.102 Bangi,N.27 Balakong,2,LAI CHOON WEN,STEVEN LAI,PERIKATAN NASIONAL,PN,43,male,chinese,2,17163,23.785304470744755,lost
Selangor,P.103 Puchong,N.28 Seri Kembangan,1,LIAU WEI JIAN,KEN LIAU,PERIKATAN NASIONAL,PN,30,male,chinese,1,3524,7.930328329995275,lost_deposit
Selangor,P.103 Puchong,N.28 Seri Kembangan,2,WONG JUNG LIK,SERDANG WONG JUNG LIK,BEBAS,BEBAS,40,male,chinese,2,1229,2.7657132569705425,lost_deposit
Selangor,P.103 Puchong,N.28 Seri Kembangan,3,WONG SIEW KI,WONG SIEW KI,PAKATAN HARAPAN,PH,37,female,chinese,3,39684,89.30395841303418,won
Selangor,P.103 Puchong,N.29 Seri Serdang,1,AMIR HARIRI BIN ABD HADI,AMIR HADI,IKATAN DEMOKRATIK MALAYSIA,MUDA,32,male,malay,1,1834,2.782835639718378,lost_deposit
Selangor,P.103 Puchong,N.29 Seri Serdang,2,MOHD SHUKOR BIN MUSTAFFA,MOHD SHUKOR,PERIKATAN NASIONAL,PN,54,male,malay,2,26659,40.45126244234037,lost
Selangor,P.103 Puchong,N.29 Seri Serdang,3,ABBAS SALIMMI BIN CHE ADZMI @ AZMI,ABBAS AZMI,PAKATAN HARAPAN,PH,43,male,malay,3,37411,56.76590191794125,won
Selangor,P.104 Subang,N.30 Kinrara,1,NG SZE HAN,NG SZE HAN,PAKATAN HARAPAN,PH,51,male,chinese,1,71290,80.9699585439264,won
Selangor,P.104 Subang,N.30 Kinrara,2,WONG YONG KANG,WONG YONG KANG,PERIKATAN NASIONAL,PN,49,male,chinese,2,16755,19.030041456073597,lost
Selangor,P.104 Subang,N.31 Subang Jaya,1,MICHELLE NG MEI SZE,MICHELLE NG MEI SZE,PAKATAN HARAPAN,PH,33,female,chinese,1,60364,81.25891823492987,won
Selangor,P.104 Subang,N.31 Subang Jaya,2,GANA PRAGASAM A/L SEBASTIAN,S.GANA,PERIKATAN NASIONAL,PN,54,male,indian,2,9173,12.348221737608702,lost_deposit
Selangor,P.104 Subang,N.31 Subang Jaya,3,ZAYD BIN SHAUKAT ALI,ZAYD SHAUKAT,IKATAN DEMOKRATIK MALAYSIA,MUDA,26,male,malay,3,4749,6.392860027461433,lost_deposit
Selangor,P.105 Petaling Jaya,N.32 Seri Setia,1,HARINDRAN A/L KRISHNAN,HARINDRAN A/L KRISHNAN,BEBAS,BEBAS,28,male,indian,1,693,1.2497069590463996,lost_deposit
Selangor,P.105 Petaling Jaya,N.32 Seri Setia,2,CHEW CHUAN YANG,DOBBY CHEW,IKATAN DEMOKRATIK MALAYSIA,MUDA,33,male,chinese,2,1357,2.447117378681045,lost_deposit
Selangor,P.105 Petaling Jaya,N.32 Seri Setia,3,MOHAMMAD FAHMI BIN NGAH,DR.FAHMI NGAH,PAKATAN HARAPAN,PH,48,male,malay,3,32367,58.36834797035328,won
Selangor,P.105 Petaling Jaya,N.32 Seri Setia,4,MOHD ZUBIR BIN EMBONG,MOHD ZUBIR EMBONG,PERIKATAN NASIONAL,PN,51,male,malay,4,21036,37.93482769191928,lost
Selangor,P.105 Petaling Jaya,N.33 Taman Medan,1,AHMAD AKHIR BIN PAWAN CHIK,AHMAD AKHIR PAWAN CHIK,PAKATAN HARAPAN,PH,55,male,malay,1,22286,49.966369221111165,lost
Selangor,P.105 Petaling Jaya,N.33 Taman Medan,2,AFIF BIN BAHARDIN,DR. AFIF BAHARDIN,PERIKATAN NASIONAL,PN,38,male,malay,2,22316,50.033630778888835,won
Selangor,P.105 Petaling Jaya,N.34 Bukit Gasing,1,KALYANA RAJASEKARAN A/L TEAGARAJAN,VKK RAJA,IKATAN DEMOKRATIK MALAYSIA,MUDA,44,male,indian,1,1390,4.228522754928207,lost_deposit
Selangor,P.105 Petaling Jaya,N.34 Bukit Gasing,2,NALLAN A/L DHANABALAN,NALLAN DHANABALAN,PERIKATAN NASIONAL,PN,50,male,indian,2,3255,9.902044293015331,lost_deposit
Selangor,P.105 Petaling Jaya,N.34 Bukit Gasing,3,RAJIV A/L RISHYAKARAN,RAJIV RISHYAKARAN,PAKATAN HARAPAN,PH,41,male,indian,3,28227,85.86943295205646,won
Selangor,P.106 Damansara,N.35 Kampung Tunku,1,CHIN YOKE KHENG,RUBY CHIN,PERIKATAN NASIONAL,PN,42,female,chinese,1,3367,9.098278704028967,lost_deposit
Selangor,P.106 Damansara,N.35 Kampung Tunku,2,LIM YI WEI,LIM YI WEI,PAKATAN HARAPAN,PH,33,female,chinese,2,33640,90.90172129597103,won
Selangor,P.106 Damansara,N.36 Bandar Utama,1,JAMALIAH BINTI JAMALUDDIN,JAMALIAH BINTI JAMALUDDIN,PAKATAN HARAPAN,PH,34,female,malay,1,39845,85.24818142918271,won
Selangor,P.106 Damansara,N.36 Bandar Utama,2,LIM HOOI SEAN,ABE LIM,IKATAN DEMOKRATIK MALAYSIA,MUDA,27,female,chinese,2,2496,5.34017971758665,lost_deposit
Selangor,P.106 Damansara,N.36 Bandar Utama,3,NUR ALIFF BIN MOHD TAFID,ALIFF TAUFID,PERIKATAN NASIONAL,PN,28,male,malay,3,4399,9.411638853230638,lost_deposit
Selangor,P.106 Damansara,N.37 Bukit Lanjan,1,MUNIRAA BINTI ABU BAKAR,MUNIRAA ABU BAKAR,PERIKATAN NASIONAL,PN,37,female,malay,1,15824,21.713893653516294,lost
Selangor,P.106 Damansara,N.37 Bukit Lanjan,2,PUA PEI LING,PEI LING,PAKATAN HARAPAN,PH,31,female,chinese,2,57051,78.2861063464837,won
Selangor,P.107 Sungai Buloh,N.38 Paya Jaras,1,AB HALIM BIN TAMURI,DATO' DR HALIM TAMURI,PERIKATAN NASIONAL,PN,55,male,malay,1,27527,51.632810008815866,won
Selangor,P.107 Sungai Buloh,N.38 Paya Jaras,2,MOHD KHAIRUDDIN BIN OTHMAN,KHAIRUDDIN OTHMAN,PAKATAN HARAPAN,PH,51,male,malay,2,25541,47.90763978766905,lost
Selangor,P.107 Sungai Buloh,N.38 Paya Jaras,3,NURHASLINDA BINTI BASRI,SIFU LINDA,BEBAS,BEBAS,34,female,malay,3,245,0.45955020351509007,lost_deposit
Selangor,P.107 Sungai Buloh,N.39 Kota Damansara,1,MUHAMMAD IZUAN BIN AHMAD KASIM,IZUAN KASIM,PAKATAN HARAPAN,PH,32,male,malay,1,34628,53.7226367966241,won
Selangor,P.107 Sungai Buloh,N.39 Kota Damansara,2,MOHD RADZLAN BIN JALALUDIN,RADZLAN JALALUDIN,PERIKATAN NASIONAL,PN,43,male,malay,2,28934,44.88884062243046,lost
Selangor,P.107 Sungai Buloh,N.39 Kota Damansara,3,SIVARAJAN A/L ARUMUGAM,SIVARAJAN,PARTI SOSIALIS MALAYSIA (BARU),PSM,53,male,indian,3,895,1.3885225809454367,lost_deposit
Selangor,P.108 Shah Alam,N.40 Kota Anggerik,1,MOHAMED SUKRI BIN OMAR,SUKRI OMAR,PERIKATAN NASIONAL,PN,36,male,malay,1,27636,40.205420661361416,lost
Selangor,P.108 Shah Alam,N.40 Kota Anggerik,2,MOHD NAJWAN BIN HALIMI,NAJWAN HALIMI,PAKATAN HARAPAN,PH,38,male,malay,2,38470,55.96694647715205,won
Selangor,P.108 Shah Alam,N.40 Kota Anggerik,3,AZAD BIN AKBAR KHAN,AZAD AKBAR,IKATAN DEMOKRATIK MALAYSIA,MUDA,35,male,malay,3,2631,3.827632861486536,lost_deposit
Selangor,P.108 Shah Alam,N.41 Batu Tiga,1,SAIYIDAH IZZATI NUR BT RAZAK MAIDEEN,CHEDA RAZAK,IKATAN DEMOKRATIK MALAYSIA,MUDA,35,female,malay,1,1908,3.367811628481661,lost_deposit
Selangor,P.108 Shah Alam,N.41 Batu Tiga,2,DANIAL AL-RASHID BIN HARON AMINAR RASHID,DANIAL AL-RASHID,PAKATAN HARAPAN,PH,36,male,malay,2,29064,51.30087902001625,won
Selangor,P.108 Shah Alam,N.41 Batu Tiga,3,RINA BINTI MOHD HARUN,RINA HARUN,PERIKATAN NASIONAL,PN,50,female,malay,3,25682,45.3313093515021,lost
Selangor,P.109 Kapar,N.42 Meru,1,HASNIZAM BIN ADHAM,HASNIZAM ADHAM,PERIKATAN NASIONAL,PN,49,male,malay,1,23558,45.799716157629724,lost
Selangor,P.109 Kapar,N.42 Meru,2,SIVARANJANI A/P MANICKAM,SIVARANJANI,PARTI SOSIALIS MALAYSIA (BARU),PSM,41,female,indian,2,899,1.7477691156171629,lost_deposit
Selangor,P.109 Kapar,N.42 Meru,3,MARIAM BINTI ABDUL RASHID,MARIAM ABDUL RASHID,PAKATAN HARAPAN,PH,62,female,malay,3,26980,52.45251472675312,won
Selangor,P.109 Kapar,N.43 Sementa,1,ERNY AFRISHAH BINTI AZIZI,AFRISHAH AZIZI,PAKATAN HARAPAN,PH,25,female,malay,1,22261,40.800205274830006,lost
Selangor,P.109 Kapar,N.43 Sementa,2,NOOR NAJHAN BIN MOHAMAD SALLEH,USTAZ NAJHAN SALLEH,PERIKATAN NASIONAL,PN,51,male,malay,2,32300,59.199794725169994,won
Selangor,P.109 Kapar,N.44 Selat Klang,1,ABDUL RASHID BIN ASARI,DATUK ABDUL RASHID BIN ASARI,PERIKATAN NASIONAL,PN,71,male,malay,1,25143,58.87876729972133,won
Selangor,P.109 Kapar,N.44 Selat Klang,2,MOHD ROSLEE BIN ABD HAMID,DATUK HJ MOHD ROSLEE BIN ABD HAMID,BARISAN NASIONAL OF MALAYSIA,BN,54,male,malay,2,16818,39.38364986066553,lost
Selangor,P.109 Kapar,N.44 Selat Klang,3,MOHAMAD EZAM BIN MOHD NOR,DATUK EZAM MOHD NOR,PARTI RAKYAT MALAYSIA,PRM,56,male,malay,3,742,1.7375828396131419,lost_deposit
Selangor,P.110 Klang,N.45 Bandar Baru Klang,1,QUAH PERNG FEI,DR. QUAH,PAKATAN HARAPAN,PH,48,male,chinese,1,53658,87.04496788008565,won
Selangor,P.110 Klang,N.45 Bandar Baru Klang,2,TAN SENG HUAT,TAN SENG HUAT,PERIKATAN NASIONAL,PN,44,male,chinese,2,7986,12.955032119914348,lost
Selangor,P.110 Klang,N.46 Pelabuhan Klang,1,WAN HASRINA BINTI WAN HASSAN,WAN HASRINA WAN HASSAN,PERIKATAN NASIONAL,PN,58,female,malay,1,16658,42.91529266281945,lost
Selangor,P.110 Klang,N.46 Pelabuhan Klang,2,SYED AHMAD PUTRA BIN SYED ISA,SYED AHMAD PUTRA,PARTI RAKYAT MALAYSIA,PRM,57,male,malay,2,269,0.6930131904369332,lost_deposit
Selangor,P.110 Klang,N.46 Pelabuhan Klang,3,AZMIZAM BIN ZAMAN HURI,AZMIZAM ZAMAN HURI,PAKATAN HARAPAN,PH,50,male,malay,3,21889,56.39169414674361,won
Selangor,P.110 Klang,N.47 Pandamaran,1,LEONG TUCK CHEE,TONY LEONG TUCK CHEE,PAKATAN HARAPAN,PH,47,male,chinese,1,46999,86.74763284667492,won
Selangor,P.110 Klang,N.47 Pandamaran,2,GUNALAN A/L BALAKRISHNAN,B.GUNALAN,PERIKATAN NASIONAL,PN,47,male,indian,2,6701,12.368260765241144,lost_deposit
Selangor,P.110 Klang,N.47 Pandamaran,3,TAN KANG YAP,TAN KANG YAP,PARTI RAKYAT MALAYSIA,PRM,60,male,chinese,3,479,0.8841063880839439,lost_deposit
Selangor,P.111 Kota Raja,N.48 Sentosa,1,GUNARAJAH A/L R GEORGE,GUNARAJ G,PAKATAN HARAPAN,PH,59,male,indian,1,54601,83.53119358688002,won
Selangor,P.111 Kota Raja,N.48 Sentosa,2,PARAMESWARAN A/L GANASON,PARAMESWARAN A/L GANASON,PERIKATAN NASIONAL,PN,66,male,indian,2,8252,12.624300094850534,lost
Selangor,P.111 Kota Raja,N.48 Sentosa,3,THANUSHA A/P RAMANIESWARAN,TEACHER THANUSHA,IKATAN DEMOKRATIK MALAYSIA,MUDA,24,female,indian,3,2357,3.6058501361564117,lost_deposit
Selangor,P.111 Kota Raja,N.48 Sentosa,4,JEICHANDRAN A/L WADIVELU,JEICHANDRAN A/L WADIVELU,PARTI RAKYAT MALAYSIA,PRM,43,male,indian,4,156,0.2386561821130251,lost_deposit
Selangor,P.111 Kota Raja,N.49 Sungai Kandis,1,MOHD ZAWAWI BIN AHMAD MUGHNI,USTAZ ZAWAWI MUGHNI,PAKATAN HARAPAN,PH,52,male,malay,1,28759,48.72259682173957,lost
Selangor,P.111 Kota Raja,N.49 Sungai Kandis,2,WAN DZAHANURIN BIN AHMAD,WAN DZAHANURIN AHMAD,PERIKATAN NASIONAL,PN,59,male,malay,2,28926,49.00552298986887,won
Selangor,P.111 Kota Raja,N.49 Sungai Kandis,3,AFRIENA SHAQIRA BINTI SARIFF,AFRIENA SHAQIRA,IKATAN DEMOKRATIK MALAYSIA,MUDA,25,female,malay,3,1341,2.271880188391556,lost_deposit
Selangor,P.111 Kota Raja,N.50 Kota Kemuning,1,PREAKAS A/L SAMPUNATHAN,PREAKAS SAMPUNATHAN,PAKATAN HARAPAN,PH,41,male,indian,1,41254,70.07524927383602,won
Selangor,P.111 Kota Raja,N.50 Kota Kemuning,2,CHEW JYH GANG,JIMMY CHEW JYH GANG,PERIKATAN NASIONAL,PN,54,male,chinese,2,16966,28.818943112907885,lost
Selangor,P.111 Kota Raja,N.50 Kota Kemuning,3,K GUNASEKARAN A/L KUPPAN,CIKGU SEKAR,PARTI RAKYAT MALAYSIA,PRM,52,male,indian,3,651,1.1058076132561023,lost_deposit
Selangor,P.112 Kuala Langat,N.51 Sijangkang,1,AHMAD YUNUS BIN HAIRI,DR AHMAD YUNUS,PERIKATAN NASIONAL,PN,58,male,malay,1,30422,61.413921188630496,won
Selangor,P.112 Kuala Langat,N.51 Sijangkang,2,MOHD AL-HAFIZI BIN ABU BAKAR,AL-HAFIZI,BARISAN NASIONAL OF MALAYSIA,BN,37,male,malay,2,19114,38.586078811369504,lost
Selangor,P.112 Kuala Langat,N.52 Banting,1,ANG WEI YANG,ANG WEI YANG,BEBAS,BEBAS,23,male,chinese,1,1439,4.259538821300654,lost_deposit
Selangor,P.112 Kuala Langat,N.52 Banting,2,SARAVANAN A/L MUTTO KRISHNAN,SARAVANAN A/L MUTTO KRISHNAN,PERIKATAN NASIONAL,PN,48,male,indian,2,5121,15.158511677470917,lost
Selangor,P.112 Kuala Langat,N.52 Banting,3,PAPPARAIDU A/L VERAMAN,PAPPARAIDU VERAMAN,PAKATAN HARAPAN,PH,48,male,indian,3,27223,80.58194950122844,won
Selangor,P.112 Kuala Langat,N.53 Morib,1,ROSNIZAN BIN AHMAD,ROSNIZAN BIN AHMAD,PERIKATAN NASIONAL,PN,51,male,malay,1,18936,55.64665432425284,won
Selangor,P.112 Kuala Langat,N.53 Morib,2,HASNUL BIN BAHARUDDIN,HJ HASNUL BAHARUDDIN,PAKATAN HARAPAN,PH,55,male,malay,2,15093,44.35334567574716,lost
Selangor,P.113 Sepang,N.54 Tanjong Sepat,1,SABIRIN BIN MARSONO,SABIRIN BIN MARSONO,PERIKATAN NASIONAL,PN,56,male,malay,1,11336,44.99126845531037,lost
Selangor,P.113 Sepang,N.54 Tanjong Sepat,2,BORHAN BIN AMAN SHAH,BORHAN BIN AMAN SHAH,PAKATAN HARAPAN,PH,61,male,malay,2,13860,55.00873154468964,won
Selangor,P.113 Sepang,N.55 Dengkil,1,DARREN ONG CHUNG LEE,PROF DARREN ONG,PARTI SOSIALIS MALAYSIA (BARU),PSM,36,male,chinese,1,1782,2.576447625243982,lost_deposit
Selangor,P.113 Sepang,N.55 Dengkil,2,NOORAZLI BIN SAID,NOORAZLI BIN SAID,BARISAN NASIONAL OF MALAYSIA,BN,44,male,malay,2,33154,47.93464902768741,lost
Selangor,P.113 Sepang,N.55 Dengkil,3,MOHD DAUD LEONG BIN ABDULLAH,MOHD DAUD LEONG,PARTI UTAMA RAKYAT,PUR,58,male,malay,3,668,0.9658064049736138,lost_deposit
Selangor,P.113 Sepang,N.55 Dengkil,4,JAMIL BIN SALLEH,DATUK SERI JAMIL SALLEH,PERIKATAN NASIONAL,PN,64,male,malay,4,33561,48.52309694209499,won
Selangor,P.113 Sepang,N.56 Sungai Pelek,1,SUHAIMI BIN MOHD GHAZALI,DATO SUHAIMI GHAZALI,PERIKATAN NASIONAL,PN,55,male,malay,1,16526,47.570523891767415,lost
Selangor,P.113 Sepang,N.56 Sungai Pelek,2,LWI KIAN KEONG,LWI KIAN KEONG,PAKATAN HARAPAN,PH,48,male,chinese,2,17984,51.76741508347726,won
Selangor,P.113 Sepang,N.56 Sungai Pelek,3,NAGESWARAN A/L RAVI,NAGESWARAN RAVI,BEBAS,BEBAS,34,male,indian,3,230,0.6620610247553252,lost_deposit
Negeri Sembilan,P.126 Jelebu,N.01 Chennah,1,ROSMADI BIN ARIF,ROSMADI BIN ARIF,PERIKATAN NASIONAL,PN,51,male,malay,1,3688,38.512949039264825,lost
Negeri Sembilan,P.126 Jelebu,N.01 Chennah,2,LOKE SIEW FOOK,LOKE SIEW FOOK,PAKATAN HARAPAN,PH,46,male,chinese,2,5888,61.48705096073517,won
Negeri Sembilan,P.126 Jelebu,N.02 Pertang,1,JALALUDDIN BIN ALIAS,JALALUDDIN BIN ALIAS,BARISAN NASIONAL OF MALAYSIA,BN,59,male,malay,1,5634,66.45435244161358,won
Negeri Sembilan,P.126 Jelebu,N.02 Pertang,2,AMIRUDIN BIN HASSAN,CIKGU AMIR,PERIKATAN NASIONAL,PN,64,male,malay,2,2844,33.54564755838641,lost
Negeri Sembilan,P.126 Jelebu,N.03 Sungai Lui,1,MOHD.RAZI BIN MOHD.ALI,MOHD. RAZI BIN MOHD. ALI,BARISAN NASIONAL OF MALAYSIA,BN,50,male,malay,1,6939,52.00479652252117,won
Negeri Sembilan,P.126 Jelebu,N.03 Sungai Lui,2,MOHD NORDIN BIN HASIM,NORDIN HASIM,PERIKATAN NASIONAL,PN,44,male,malay,2,6404,47.995203477478825,lost
Negeri Sembilan,P.126 Jelebu,N.04 Klawang,1,SAIFUL BAHRI BIN JAAMAN @ SHARMAN,ANGAH SAIFUL,BEBAS,BEBAS,56,male,malay,1,364,4.052098408104197,lost_deposit
Negeri Sembilan,P.126 Jelebu,N.04 Klawang,2,DANNI RAIS,DANNI RAIS,PERIKATAN NASIONAL,PN,36,male,malay,2,4021,44.76232884337081,lost
Negeri Sembilan,P.126 Jelebu,N.04 Klawang,3,BAKRI BIN SAWIR,BAKRI SAWIR,PAKATAN HARAPAN,PH,64,male,malay,3,4598,51.18557274852499,won
Negeri Sembilan,P.127 Jempol,N.05 Serting,1,MOHD FAIRUZ BIN MOHD ISA,USTAZ FAIRUZ,PERIKATAN NASIONAL,PN,47,male,malay,1,10312,52.13083261715787,won
Negeri Sembilan,P.127 Jempol,N.05 Serting,2,MUHAMAD ZAMRI BIN OMAR,MUHAMAD ZAMRI OMAR,BARISAN NASIONAL OF MALAYSIA,BN,56,male,malay,2,9469,47.86916738284212,lost
Negeri Sembilan,P.127 Jempol,N.06 Palong,1,NOOR AZUAN BIN PARMIN,NOOR AZUAN,PERIKATAN NASIONAL,PN,52,male,malay,1,7376,48.15878819535126,lost
Negeri Sembilan,P.127 Jempol,N.06 Palong,2,MUSTAPHA BIN NAGOOR,MUSTAPHA BIN NAGOOR,BARISAN NASIONAL OF MALAYSIA,BN,56,male,malay,2,7940,51.84121180464874,won
Negeri Sembilan,P.127 Jempol,N.07 Jeram Padang,1,MOHD ZAIDY BIN ABDUL KADIR,MOHD ZAIDY ABDUL KADIR,BARISAN NASIONAL OF MALAYSIA,BN,41,male,malay,1,5462,53.38676571205161,won
Negeri Sembilan,P.127 Jempol,N.07 Jeram Padang,2,SURASH A/L SREENIVASAN,SURASH A/L SREENIVASAN,PERIKATAN NASIONAL,PN,49,male,indian,2,4769,46.61323428794839,lost
Negeri Sembilan,P.127 Jempol,N.08 Bahau,1,KUMAR A/L S. PARAMASIVAM,P. M. KUMAR,PERIKATAN NASIONAL,PN,53,male,indian,1,3531,22.824822236586943,lost
Negeri Sembilan,P.127 Jempol,N.08 Bahau,2,TEO KOK SEONG,TEO KOK SEONG,PAKATAN HARAPAN,PH,43,male,chinese,2,11939,77.17517776341306,won
Negeri Sembilan,P.128 Seremban,N.09 Lenggeng,1,ZUL AZKI BIN MAT SULOP,ZUL AZKI MAT SULOP,BEBAS,BEBAS,57,male,malay,1,404,2.040507096317996,lost_deposit
Negeri Sembilan,P.128 Seremban,N.09 Lenggeng,2,MOHD FADLI BIN CHE ME,HAJI FADLI CHE ME,PERIKATAN NASIONAL,PN,50,male,malay,2,9355,47.24986110409617,lost
Negeri Sembilan,P.128 Seremban,N.09 Lenggeng,3,MOHD ASNA BIN AMIN,HJ ASNA,BARISAN NASIONAL OF MALAYSIA,BN,44,male,malay,3,10040,50.70963179958584,won
Negeri Sembilan,P.128 Seremban,N.10 Nilai,1,GAN CHEE BIOW,GAN CHEE BIOW,PERIKATAN NASIONAL,PN,56,male,chinese,1,8244,28.561529933481154,lost
Negeri Sembilan,P.128 Seremban,N.10 Nilai,2,OMAR BIN MOHD ISA,OMAR BIN MOHD ISA,BEBAS,BEBAS,57,male,malay,2,1430,4.954268292682927,lost_deposit
Negeri Sembilan,P.128 Seremban,N.10 Nilai,3,YESSU A/L SAMUEL,YESSU,BEBAS,BEBAS,47,male,indian,3,57,0.19747782705099776,lost_deposit
Negeri Sembilan,P.128 Seremban,N.10 Nilai,4,ARUL KUMAR A/L JAMBUNATHAN,J.ARUL KUMAR,PAKATAN HARAPAN,PH,37,male,indian,4,19133,66.28672394678492,won
Negeri Sembilan,P.128 Seremban,N.11 Lobak,1,NG SOON LEAN,NG SOON LEAN,PERIKATAN NASIONAL,PN,58,female,chinese,1,853,5.608152531229455,lost_deposit
Negeri Sembilan,P.128 Seremban,N.11 Lobak,2,CHEW SEH YONG,CHEW SEH YONG,PAKATAN HARAPAN,PH,61,male,chinese,2,14357,94.39184746877055,won
Negeri Sembilan,P.128 Seremban,N.12 Temiang,1,NG CHIN TSAI,NG CHIN TSAI,PAKATAN HARAPAN,PH,45,male,chinese,1,5710,63.5008896797153,won
Negeri Sembilan,P.128 Seremban,N.12 Temiang,2,AHMAD QUSYAIRI BIN ABDULL RAHIM,QUSYAIRY AHMAD,IKATAN DEMOKRATIK MALAYSIA,MUDA,34,male,malay,2,640,7.11743772241993,lost_deposit
Negeri Sembilan,P.128 Seremban,N.12 Temiang,3,CHUA ENG PU,CHUA ENG PU,PERIKATAN NASIONAL,PN,54,male,chinese,3,2642,29.381672597864767,lost
Negeri Sembilan,P.128 Seremban,N.13 Sikamat,1,AHMAD RAIHAN BIN MUHAMAD HILAL,RAIHAN HILAL,PERIKATAN NASIONAL,PN,33,male,malay,1,10068,43.359173126614984,lost
Negeri Sembilan,P.128 Seremban,N.13 Sikamat,2,AMINUDDIN BIN HARUN,AMINUDDIN HARUN,PAKATAN HARAPAN,PH,56,male,malay,2,12730,54.823428079242035,won
Negeri Sembilan,P.128 Seremban,N.13 Sikamat,3,BUJANG BIN ABU,BUJANG BIN ABU,BEBAS,BEBAS,71,male,malay,3,83,0.35745047372954347,lost_deposit
Negeri Sembilan,P.128 Seremban,N.13 Sikamat,4,MOHAMMED HAFIZ BIN BAHARUDIN,MOHAMMED HAFIZ (TOK MERAH),BEBAS,BEBAS,47,male,malay,4,339,1.4599483204134367,lost_deposit
Negeri Sembilan,P.128 Seremban,N.14 Ampangan,1,TENGKU ZAMRAH BINTI TENGKU SULAIMAN,TENGKU ZAMRAH BINTI TENGKU SULAIMAN,PAKATAN HARAPAN,PH,64,female,malay,1,6054,40.74572620810338,won
Negeri Sembilan,P.128 Seremban,N.14 Ampangan,2,MUHAMMAD GHAZALI BIN ZAINAL ABIDIN,MUHAMMAD GHAZALI BIN ZAINAL ABIDIN,PERIKATAN NASIONAL,PN,37,male,malay,2,5725,38.53143087898775,lost
Negeri Sembilan,P.128 Seremban,N.14 Ampangan,3,MOHAMAD RAFIE BIN AB MALEK,DATO' DR MOHAMAD RAFIE BIN AB MALEK,BEBAS,BEBAS,59,male,malay,3,3079,20.72284291290887,lost
Negeri Sembilan,P.129 Kuala Pilah,N.15 Juasseh,1,EDDIN SYAZLEE BIN SHITH,EDDIN SYAZLEE BIN SHITH,PERIKATAN NASIONAL,PN,49,male,malay,1,4471,49.567627494456765,lost
Negeri Sembilan,P.129 Kuala Pilah,N.15 Juasseh,2,BIBI SHARLIZA BINTI MOHD KHALID,PUAN SRI BIBI SHARLIZA,BARISAN NASIONAL OF MALAYSIA,BN,52,female,malay,2,4549,50.432372505543235,won
Negeri Sembilan,P.129 Kuala Pilah,N.16 Seri Menanti,1,MUHAMMAD SUFIAN BIN MARADZI,USTAZ SUFIAN MARADZI,BARISAN NASIONAL OF MALAYSIA,BN,40,male,malay,1,3711,52.62336925694838,won
Negeri Sembilan,P.129 Kuala Pilah,N.16 Seri Menanti,2,JAMALI BIN SALAM,JAMALI BIN SALAM,PERIKATAN NASIONAL,PN,70,male,malay,2,3341,47.37663074305162,lost
Negeri Sembilan,P.129 Kuala Pilah,N.17 Senaling,1,ISMAIL BIN LASIM,ISMAIL LASIM,BARISAN NASIONAL OF MALAYSIA,BN,64,male,malay,1,3724,54.87768936044798,won
Negeri Sembilan,P.129 Kuala Pilah,N.17 Senaling,2,AMRINA BINTI MOHD KHALID,AMRINA BINTI MOHD KHALID,PERIKATAN NASIONAL,PN,52,female,malay,2,3062,45.12231063955202,lost
Negeri Sembilan,P.129 Kuala Pilah,N.18 Pilah,1,RAFIEI BIN MUSTAPHA,CIKGU RAFIEI,PERIKATAN NASIONAL,PN,69,male,malay,1,5143,45.252969643642764,lost
Negeri Sembilan,P.129 Kuala Pilah,N.18 Pilah,2,NOORZUNITA BEGUM BINTI MOHD IBRAHIM,NOORZUNITA BEGUM MOHD IBRAHIM,PAKATAN HARAPAN,PH,42,female,malay,2,6222,54.74703035635724,won
Negeri Sembilan,P.129 Kuala Pilah,N.19 Johol,1,SAIFUL YAZAN BIN SULAIMAN,HJ SAIFUL YAZAN SULAIMAN,BARISAN NASIONAL OF MALAYSIA,BN,56,male,malay,1,5228,62.693368509413595,won
Negeri Sembilan,P.129 Kuala Pilah,N.19 Johol,2,KAMARUDIN BIN MD TAHIR,HJ KAMARUDIN TAHIR,PERIKATAN NASIONAL,PN,75,male,malay,2,3111,37.3066314905864,lost
Negeri Sembilan,P.130 Rasah,N.20 Labu,1,MOHAMAD HANIFAH BIN ABU BAKER,ANIP ABU BAKER,PERIKATAN NASIONAL,PN,42,male,malay,1,11661,53.781938935522554,won
Negeri Sembilan,P.130 Rasah,N.20 Labu,2,ISMAIL BIN AHMAD,HJ ISMAIL BIN AHMAD,PAKATAN HARAPAN,PH,67,male,malay,2,10021,46.218061064477446,lost
Negeri Sembilan,P.130 Rasah,N.21 Bukit Kepayang,1,SUBRAMANIAM A/L PURUSHOTHAMA,SUBRAMANIAM A/L PURUSHOTHAMA,PERIKATAN NASIONAL,PN,62,male,indian,1,4942,16.20912460231559,lost
Negeri Sembilan,P.130 Rasah,N.21 Bukit Kepayang,2,AHMAD ZAMALI BIN MOHAMAD,AHMAD ZAMALI MOHAMAD,BEBAS,BEBAS,49,male,malay,2,921,3.0207615861458232,lost_deposit
Negeri Sembilan,P.130 Rasah,N.21 Bukit Kepayang,3,NICOLE TAN LEE KOON,NICOLE TAN LEE KOON,PAKATAN HARAPAN,PH,52,female,chinese,3,24626,80.7701138115386,won
Negeri Sembilan,P.130 Rasah,N.22 Rahang,1,SIAU MEOW KONG,SIAU MEOW KONG,PAKATAN HARAPAN,PH,51,male,chinese,1,9868,74.17318099819603,won
Negeri Sembilan,P.130 Rasah,N.22 Rahang,2,LEE BOON SHIAN,LEE BOON SHIAN,PERIKATAN NASIONAL,PN,38,male,chinese,2,3436,25.82681900180397,lost
Negeri Sembilan,P.130 Rasah,N.23 Mambau,1,YAP YEW WENG,YAP YEW WENG,PAKATAN HARAPAN,PH,59,male,chinese,1,17039,88.28039997927569,won
Negeri Sembilan,P.130 Rasah,N.23 Mambau,2,KUMARAVEL A/L RAMIAH,KUMARAVEL A/L RAMIAH,BEBAS,BEBAS,51,male,indian,2,163,0.8445158281954304,lost_deposit
Negeri Sembilan,P.130 Rasah,N.23 Mambau,3,SATHES KUMAR A/L NILAMEHAM,SATHES KUMAR NILAMEHAM,PERIKATAN NASIONAL,PN,43,male,indian,3,2099,10.875084192528885,lost_deposit
Negeri Sembilan,P.130 Rasah,N.24 Seremban Jaya,1,GUNASEKAREN A/L PALASAMY,P.GUNA,PAKATAN HARAPAN,PH,64,male,indian,1,17080,79.60106259029688,won
Negeri Sembilan,P.130 Rasah,N.24 Seremban Jaya,2,LEE BAN FATT,GARY LEE,PERIKATAN NASIONAL,PN,48,male,chinese,2,4377,20.398937409703127,lost
Negeri Sembilan,P.131 Rembau,N.25 Paroi,1,MUHAMMAD SYAKIR FITRI BIN SADRI,SYAKIR FITRI,BEBAS,BEBAS,25,male,malay,1,944,2.1910177555993964,lost_deposit
Negeri Sembilan,P.131 Rembau,N.25 Paroi,2,NORWANI BINTI AHMAT,NORWANI AHMAT,PAKATAN HARAPAN,PH,47,female,malay,2,18301,42.47649994197516,lost
Negeri Sembilan,P.131 Rembau,N.25 Paroi,3,KAMAROL RIDZUAN BIN MOHD ZAIN,HJ KAMAROL RIDZUAN,PERIKATAN NASIONAL,PN,56,male,malay,3,23840,55.33248230242543,won
Negeri Sembilan,P.131 Rembau,N.26 Chembong,1,BAKLY BIN BABA,BAKLY BIN BABA,PERIKATAN NASIONAL,PN,71,male,malay,1,6926,38.08214658822236,lost
Negeri Sembilan,P.131 Rembau,N.26 Chembong,2,ZAIFULBAHRI BIN IDRIS,DATO' HAJI ZAIFULBAHRI BIN HAJI IDRIS,BARISAN NASIONAL OF MALAYSIA,BN,55,male,malay,2,11261,61.91785341177764,won
Negeri Sembilan,P.131 Rembau,N.27 Rantau,1,ROZMAL BIN MALAKAN,ROZMAL BIN MALAKAN,PERIKATAN NASIONAL,PN,57,male,malay,1,6677,28.25167132097825,lost
Negeri Sembilan,P.131 Rembau,N.27 Rantau,2,MOHAMAD BIN HAJI HASAN,TOK MAT,BARISAN NASIONAL OF MALAYSIA,BN,67,male,malay,2,16957,71.74832867902174,won
Negeri Sembilan,P.131 Rembau,N.28 Kota,1,SUHAIMI BIN AINI,SUHAIMI BIN AINI,BARISAN NASIONAL OF MALAYSIA,BN,43,male,malay,1,5869,50.58174610014652,won
Negeri Sembilan,P.131 Rembau,N.28 Kota,2,AHMAD SHUKRI BIN ABDUL SHUKOR,SHUKRI BIN SHUKOR,PERIKATAN NASIONAL,PN,61,male,malay,2,5734,49.41825389985349,lost
Negeri Sembilan,P.132 Port Dickson,N.29 Chuah,1,TANG JAY SON,TANG JAY SON,PERIKATAN NASIONAL,PN,49,male,chinese,1,1874,18.654190722675693,lost
Negeri Sembilan,P.132 Port Dickson,N.29 Chuah,2,YEW BOON LYE,YEW BOON LYE,PAKATAN HARAPAN,PH,52,male,chinese,2,8172,81.3458092773243,won
Negeri Sembilan,P.132 Port Dickson,N.30 Lukut,1,RAGU A/L SUBRAMANIAM,S. RAGU,PERIKATAN NASIONAL,PN,49,male,indian,1,3561,20.635104595236715,lost
Negeri Sembilan,P.132 Port Dickson,N.30 Lukut,2,CHOO KEN HWA,CHOO KEN HWA,PAKATAN HARAPAN,PH,46,male,chinese,2,13696,79.36489540476327,won
Negeri Sembilan,P.132 Port Dickson,N.31 Bagan Pinang,1,ABDUL FATAH BIN ZAKARIA,USTAZ FATAH,PERIKATAN NASIONAL,PN,57,male,malay,1,10921,59.301694178974806,won
Negeri Sembilan,P.132 Port Dickson,N.31 Bagan Pinang,2,MOHD NAJIB BIN MOHD ISA,NAJIB TAN SRI ISA,BARISAN NASIONAL OF MALAYSIA,BN,44,male,malay,2,7495,40.698305821025194,lost
Negeri Sembilan,P.132 Port Dickson,N.32 Linggi,1,MOHD FAIZAL BIN RAMLI,DATUK MOHD FAIZAL RAMLI,BARISAN NASIONAL OF MALAYSIA,BN,51,male,malay,1,7832,55.14327958881926,won
Negeri Sembilan,P.132 Port Dickson,N.32 Linggi,2,ZAMRI BIN MD SAID,ZAMRI BIN MD SAID,PERIKATAN NASIONAL,PN,51,male,malay,2,6371,44.85672041118073,lost
Negeri Sembilan,P.132 Port Dickson,N.33 Sri Tanjung,1,ZABIDI BIN ARIFFIN,ZABIDI BIN ARIFFIN,PERIKATAN NASIONAL,PN,60,male,malay,1,4243,33.99294984778081,lost
Negeri Sembilan,P.132 Port Dickson,N.33 Sri Tanjung,2,RAJASEKARAN A/L GUNNASEKARAN,DR.RAJA,PAKATAN HARAPAN,PH,42,male,indian,2,8239,66.0070501522192,won
Negeri Sembilan,P.133 Tampin,N.34 Gemas,1,RIDZUAN BIN AHMAD,HAJI RIDZUAN AHMAD,PERIKATAN NASIONAL,PN,46,male,malay,1,11653,57.72812840582582,won
Negeri Sembilan,P.133 Tampin,N.34 Gemas,2,ABD RAZAK BIN AB SAID,ABD RAZAK BIN AB SAID,BARISAN NASIONAL OF MALAYSIA,BN,58,male,malay,2,8533,42.27187159417418,lost
Negeri Sembilan,P.133 Tampin,N.35 Gemencheh,1,TENGKU ABDULLAH BIN TENGKU RAKMAN,USTAZ TENGKU,PERIKATAN NASIONAL,PN,64,male,malay,1,6471,42.08506763787721,lost
Negeri Sembilan,P.133 Tampin,N.35 Gemencheh,2,SUHAIMIZAN BIN BIZAR,SUHAIMIZAN BIZAR (HAI),BARISAN NASIONAL OF MALAYSIA,BN,39,male,malay,2,8905,57.914932362122784,won
Negeri Sembilan,P.133 Tampin,N.36 Repah,1,YONG LI YI,ELAINE YONG LI YI,PERIKATAN NASIONAL,PN,34,female,chinese,1,5557,32.565635255508674,lost
Negeri Sembilan,P.133 Tampin,N.36 Repah,2,VEERAPAN A/L SUPERAMANIAM,VEERAPAN A/L SUPERAMANIAM,PAKATAN HARAPAN,PH,48,male,indian,2,11507,67.43436474449133,won
